
build/firmware/soc_cpu_smoke.elf:     file format elf32-littleriscv


Disassembly of section .text:

00000000 <_start>:
       0:	00c00137          	lui	sp,0xc00
       4:	f3010113          	addi	sp,sp,-208 # bfff30 <transformer_decode_skinny_gemm_m8_compat_c_sram+0x3fd3c8>
       8:	3e8000ef          	jal	3f0 <main>
       c:	0000006f          	j	c <_start+0xc>

00000010 <npu_write_words>:
      10:	100007b7          	lui	a5,0x10000
      14:	00f50533          	add	a0,a0,a5
      18:	00261613          	slli	a2,a2,0x2
      1c:	00000793          	li	a5,0
      20:	00c79463          	bne	a5,a2,28 <npu_write_words+0x18>
      24:	00008067          	ret
      28:	00f586b3          	add	a3,a1,a5
      2c:	0006a683          	lw	a3,0(a3)
      30:	00f50733          	add	a4,a0,a5
      34:	00478793          	addi	a5,a5,4 # 10000004 <transformer_decode_skinny_gemm_m8_compat_c_sram+0xf7fd49c>
      38:	00d72023          	sw	a3,0(a4)
      3c:	fe5ff06f          	j	20 <npu_write_words+0x10>

00000040 <npu_read_words>:
      40:	100007b7          	lui	a5,0x10000
      44:	00f50533          	add	a0,a0,a5
      48:	00261613          	slli	a2,a2,0x2
      4c:	00000793          	li	a5,0
      50:	00c79463          	bne	a5,a2,58 <npu_read_words+0x18>
      54:	00008067          	ret
      58:	00f50733          	add	a4,a0,a5
      5c:	00072683          	lw	a3,0(a4)
      60:	00f58733          	add	a4,a1,a5
      64:	00478793          	addi	a5,a5,4 # 10000004 <transformer_decode_skinny_gemm_m8_compat_c_sram+0xf7fd49c>
      68:	00d72023          	sw	a3,0(a4)
      6c:	fe5ff06f          	j	50 <npu_read_words+0x10>

00000070 <npu_set_desc_addr>:
      70:	100007b7          	lui	a5,0x10000
      74:	02a7a023          	sw	a0,32(a5) # 10000020 <transformer_decode_skinny_gemm_m8_compat_c_sram+0xf7fd4b8>
      78:	00008067          	ret

0000007c <npu_start>:
      7c:	100007b7          	lui	a5,0x10000
      80:	00100713          	li	a4,1
      84:	00e7a023          	sw	a4,0(a5) # 10000000 <transformer_decode_skinny_gemm_m8_compat_c_sram+0xf7fd498>
      88:	00008067          	ret

0000008c <npu_status>:
      8c:	100007b7          	lui	a5,0x10000
      90:	0047a503          	lw	a0,4(a5) # 10000004 <transformer_decode_skinny_gemm_m8_compat_c_sram+0xf7fd49c>
      94:	00008067          	ret

00000098 <npu_wait_done>:
      98:	10000737          	lui	a4,0x10000
      9c:	00470713          	addi	a4,a4,4 # 10000004 <transformer_decode_skinny_gemm_m8_compat_c_sram+0xf7fd49c>
      a0:	00072783          	lw	a5,0(a4)
      a4:	0017f793          	andi	a5,a5,1
      a8:	fe078ce3          	beqz	a5,a0 <npu_wait_done+0x8>
      ac:	00008067          	ret

000000b0 <npu_read_perf_snapshot>:
      b0:	100007b7          	lui	a5,0x10000
      b4:	0447a783          	lw	a5,68(a5) # 10000044 <transformer_decode_skinny_gemm_m8_compat_c_sram+0xf7fd4dc>
      b8:	00f52023          	sw	a5,0(a0)
      bc:	100007b7          	lui	a5,0x10000
      c0:	0707a783          	lw	a5,112(a5) # 10000070 <transformer_decode_skinny_gemm_m8_compat_c_sram+0xf7fd508>
      c4:	00f52223          	sw	a5,4(a0)
      c8:	100007b7          	lui	a5,0x10000
      cc:	0747a783          	lw	a5,116(a5) # 10000074 <transformer_decode_skinny_gemm_m8_compat_c_sram+0xf7fd50c>
      d0:	00f52423          	sw	a5,8(a0)
      d4:	100007b7          	lui	a5,0x10000
      d8:	0487a783          	lw	a5,72(a5) # 10000048 <transformer_decode_skinny_gemm_m8_compat_c_sram+0xf7fd4e0>
      dc:	00f52623          	sw	a5,12(a0)
      e0:	100007b7          	lui	a5,0x10000
      e4:	04c7a783          	lw	a5,76(a5) # 1000004c <transformer_decode_skinny_gemm_m8_compat_c_sram+0xf7fd4e4>
      e8:	00f52823          	sw	a5,16(a0)
      ec:	100007b7          	lui	a5,0x10000
      f0:	0507a783          	lw	a5,80(a5) # 10000050 <transformer_decode_skinny_gemm_m8_compat_c_sram+0xf7fd4e8>
      f4:	00f52a23          	sw	a5,20(a0)
      f8:	100007b7          	lui	a5,0x10000
      fc:	0547a783          	lw	a5,84(a5) # 10000054 <transformer_decode_skinny_gemm_m8_compat_c_sram+0xf7fd4ec>
     100:	00f52c23          	sw	a5,24(a0)
     104:	100007b7          	lui	a5,0x10000
     108:	0587a783          	lw	a5,88(a5) # 10000058 <transformer_decode_skinny_gemm_m8_compat_c_sram+0xf7fd4f0>
     10c:	00f52e23          	sw	a5,28(a0)
     110:	100007b7          	lui	a5,0x10000
     114:	05c7a783          	lw	a5,92(a5) # 1000005c <transformer_decode_skinny_gemm_m8_compat_c_sram+0xf7fd4f4>
     118:	02f52023          	sw	a5,32(a0)
     11c:	100007b7          	lui	a5,0x10000
     120:	0607a783          	lw	a5,96(a5) # 10000060 <transformer_decode_skinny_gemm_m8_compat_c_sram+0xf7fd4f8>
     124:	02f52223          	sw	a5,36(a0)
     128:	100007b7          	lui	a5,0x10000
     12c:	0647a783          	lw	a5,100(a5) # 10000064 <transformer_decode_skinny_gemm_m8_compat_c_sram+0xf7fd4fc>
     130:	02f52423          	sw	a5,40(a0)
     134:	100007b7          	lui	a5,0x10000
     138:	0787a783          	lw	a5,120(a5) # 10000078 <transformer_decode_skinny_gemm_m8_compat_c_sram+0xf7fd510>
     13c:	02f52623          	sw	a5,44(a0)
     140:	100007b7          	lui	a5,0x10000
     144:	07c7a783          	lw	a5,124(a5) # 1000007c <transformer_decode_skinny_gemm_m8_compat_c_sram+0xf7fd514>
     148:	02f52823          	sw	a5,48(a0)
     14c:	100007b7          	lui	a5,0x10000
     150:	0687a783          	lw	a5,104(a5) # 10000068 <transformer_decode_skinny_gemm_m8_compat_c_sram+0xf7fd500>
     154:	02f52a23          	sw	a5,52(a0)
     158:	100007b7          	lui	a5,0x10000
     15c:	0807a783          	lw	a5,128(a5) # 10000080 <transformer_decode_skinny_gemm_m8_compat_c_sram+0xf7fd518>
     160:	02f52e23          	sw	a5,60(a0)
     164:	100007b7          	lui	a5,0x10000
     168:	0847a783          	lw	a5,132(a5) # 10000084 <transformer_decode_skinny_gemm_m8_compat_c_sram+0xf7fd51c>
     16c:	04f52023          	sw	a5,64(a0)
     170:	100007b7          	lui	a5,0x10000
     174:	0887a783          	lw	a5,136(a5) # 10000088 <transformer_decode_skinny_gemm_m8_compat_c_sram+0xf7fd520>
     178:	04f52223          	sw	a5,68(a0)
     17c:	100007b7          	lui	a5,0x10000
     180:	08c7a783          	lw	a5,140(a5) # 1000008c <transformer_decode_skinny_gemm_m8_compat_c_sram+0xf7fd524>
     184:	04f52423          	sw	a5,72(a0)
     188:	100007b7          	lui	a5,0x10000
     18c:	0907a783          	lw	a5,144(a5) # 10000090 <transformer_decode_skinny_gemm_m8_compat_c_sram+0xf7fd528>
     190:	04f52623          	sw	a5,76(a0)
     194:	100007b7          	lui	a5,0x10000
     198:	0947a783          	lw	a5,148(a5) # 10000094 <transformer_decode_skinny_gemm_m8_compat_c_sram+0xf7fd52c>
     19c:	04f52823          	sw	a5,80(a0)
     1a0:	100007b7          	lui	a5,0x10000
     1a4:	0987a783          	lw	a5,152(a5) # 10000098 <transformer_decode_skinny_gemm_m8_compat_c_sram+0xf7fd530>
     1a8:	04f52a23          	sw	a5,84(a0)
     1ac:	100007b7          	lui	a5,0x10000
     1b0:	09c7a783          	lw	a5,156(a5) # 1000009c <transformer_decode_skinny_gemm_m8_compat_c_sram+0xf7fd534>
     1b4:	04f52c23          	sw	a5,88(a0)
     1b8:	100007b7          	lui	a5,0x10000
     1bc:	0a07a783          	lw	a5,160(a5) # 100000a0 <transformer_decode_skinny_gemm_m8_compat_c_sram+0xf7fd538>
     1c0:	04f52e23          	sw	a5,92(a0)
     1c4:	100007b7          	lui	a5,0x10000
     1c8:	0a47a783          	lw	a5,164(a5) # 100000a4 <transformer_decode_skinny_gemm_m8_compat_c_sram+0xf7fd53c>
     1cc:	06f52023          	sw	a5,96(a0)
     1d0:	100007b7          	lui	a5,0x10000
     1d4:	0a87a783          	lw	a5,168(a5) # 100000a8 <transformer_decode_skinny_gemm_m8_compat_c_sram+0xf7fd540>
     1d8:	06f52223          	sw	a5,100(a0)
     1dc:	100007b7          	lui	a5,0x10000
     1e0:	06c7a783          	lw	a5,108(a5) # 1000006c <transformer_decode_skinny_gemm_m8_compat_c_sram+0xf7fd504>
     1e4:	02f52c23          	sw	a5,56(a0)
     1e8:	00008067          	ret

000001ec <dma_copy_words>:
     1ec:	400007b7          	lui	a5,0x40000
     1f0:	00b7a423          	sw	a1,8(a5) # 40000008 <transformer_decode_skinny_gemm_m8_compat_c_sram+0x3f7fd4a0>
     1f4:	00a7a623          	sw	a0,12(a5)
     1f8:	00100713          	li	a4,1
     1fc:	00c7a823          	sw	a2,16(a5)
     200:	00e7a023          	sw	a4,0(a5)
     204:	00478713          	addi	a4,a5,4
     208:	00072783          	lw	a5,0(a4)
     20c:	0017f793          	andi	a5,a5,1
     210:	fe078ce3          	beqz	a5,208 <dma_copy_words+0x1c>
     214:	00008067          	ret

00000218 <test_status_pass>:
     218:	300007b7          	lui	a5,0x30000
     21c:	00100713          	li	a4,1
     220:	00e7a023          	sw	a4,0(a5) # 30000000 <transformer_decode_skinny_gemm_m8_compat_c_sram+0x2f7fd498>
     224:	00008067          	ret

00000228 <test_status_fail>:
     228:	300007b7          	lui	a5,0x30000
     22c:	fff00713          	li	a4,-1
     230:	00e7a023          	sw	a4,0(a5) # 30000000 <transformer_decode_skinny_gemm_m8_compat_c_sram+0x2f7fd498>
     234:	00008067          	ret

00000238 <test_status_fail_code>:
     238:	800007b7          	lui	a5,0x80000
     23c:	00f56533          	or	a0,a0,a5
     240:	300007b7          	lui	a5,0x30000
     244:	00a7a023          	sw	a0,0(a5) # 30000000 <transformer_decode_skinny_gemm_m8_compat_c_sram+0x2f7fd498>
     248:	00008067          	ret

0000024c <run_job>:
     24c:	ff010113          	addi	sp,sp,-16
     250:	00812423          	sw	s0,8(sp)
     254:	00800437          	lui	s0,0x800
     258:	00040413          	mv	s0,s0
     25c:	00040513          	mv	a0,s0
     260:	00112623          	sw	ra,12(sp)
     264:	e0dff0ef          	jal	70 <npu_set_desc_addr>
     268:	e15ff0ef          	jal	7c <npu_start>
     26c:	e2dff0ef          	jal	98 <npu_wait_done>
     270:	02c40513          	addi	a0,s0,44 # 80002c <perf_snapshot>
     274:	e3dff0ef          	jal	b0 <npu_read_perf_snapshot>
     278:	02c42783          	lw	a5,44(s0)
     27c:	00100713          	li	a4,1
     280:	02842503          	lw	a0,40(s0)
     284:	0077f793          	andi	a5,a5,7
     288:	06e79063          	bne	a5,a4,2e8 <run_job+0x9c>
     28c:	03042783          	lw	a5,48(s0)
     290:	04a79c63          	bne	a5,a0,2e8 <run_job+0x9c>
     294:	00042783          	lw	a5,0(s0)
     298:	03442703          	lw	a4,52(s0)
     29c:	04f71663          	bne	a4,a5,2e8 <run_job+0x9c>
     2a0:	03842783          	lw	a5,56(s0)
     2a4:	04078263          	beqz	a5,2e8 <run_job+0x9c>
     2a8:	03c42783          	lw	a5,60(s0)
     2ac:	02078e63          	beqz	a5,2e8 <run_job+0x9c>
     2b0:	05442683          	lw	a3,84(s0)
     2b4:	02068a63          	beqz	a3,2e8 <run_job+0x9c>
     2b8:	05842783          	lw	a5,88(s0)
     2bc:	05c42603          	lw	a2,92(s0)
     2c0:	00c787b3          	add	a5,a5,a2
     2c4:	02f69263          	bne	a3,a5,2e8 <run_job+0x9c>
     2c8:	00500793          	li	a5,5
     2cc:	02e7ea63          	bltu	a5,a4,300 <run_job+0xb4>
     2d0:	02a00793          	li	a5,42
     2d4:	00e7d7b3          	srl	a5,a5,a4
     2d8:	0017f793          	andi	a5,a5,1
     2dc:	02078263          	beqz	a5,300 <run_job+0xb4>
     2e0:	04042783          	lw	a5,64(s0)
     2e4:	00079e63          	bnez	a5,300 <run_job+0xb4>
     2e8:	000017b7          	lui	a5,0x1
     2ec:	0ff57513          	zext.b	a0,a0
     2f0:	a0078793          	addi	a5,a5,-1536 # a00 <main+0x610>
     2f4:	00f56533          	or	a0,a0,a5
     2f8:	f41ff0ef          	jal	238 <test_status_fail_code>
     2fc:	0000006f          	j	2fc <run_job+0xb0>
     300:	00c12083          	lw	ra,12(sp)
     304:	00812403          	lw	s0,8(sp)
     308:	01010113          	addi	sp,sp,16
     30c:	00008067          	ret

00000310 <check_words>:
     310:	ff860793          	addi	a5,a2,-8
     314:	00f037b3          	snez	a5,a5
     318:	40f007b3          	neg	a5,a5
     31c:	0e07f793          	andi	a5,a5,224
     320:	02078793          	addi	a5,a5,32
     324:	00000813          	li	a6,0
     328:	01050733          	add	a4,a0,a6
     32c:	00072603          	lw	a2,0(a4)
     330:	01058733          	add	a4,a1,a6
     334:	00072703          	lw	a4,0(a4)
     338:	02e60a63          	beq	a2,a4,36c <check_words+0x5c>
     33c:	0ff67513          	zext.b	a0,a2
     340:	0ff77713          	zext.b	a4,a4
     344:	00d766b3          	or	a3,a4,a3
     348:	00851513          	slli	a0,a0,0x8
     34c:	ff010113          	addi	sp,sp,-16
     350:	00d56533          	or	a0,a0,a3
     354:	00112623          	sw	ra,12(sp)
     358:	ee1ff0ef          	jal	238 <test_status_fail_code>
     35c:	00c12083          	lw	ra,12(sp)
     360:	00000513          	li	a0,0
     364:	01010113          	addi	sp,sp,16
     368:	00008067          	ret
     36c:	00480813          	addi	a6,a6,4
     370:	fb079ce3          	bne	a5,a6,328 <check_words+0x18>
     374:	00100513          	li	a0,1
     378:	00008067          	ret

0000037c <check_words_abs_tol.constprop.0>:
     37c:	00000693          	li	a3,0
     380:	08000313          	li	t1,128
     384:	10000893          	li	a7,256
     388:	00d507b3          	add	a5,a0,a3
     38c:	00d58733          	add	a4,a1,a3
     390:	0007a783          	lw	a5,0(a5)
     394:	00072703          	lw	a4,0(a4)
     398:	40f70833          	sub	a6,a4,a5
     39c:	00f77463          	bgeu	a4,a5,3a4 <check_words_abs_tol.constprop.0+0x28>
     3a0:	40e78833          	sub	a6,a5,a4
     3a4:	03037e63          	bgeu	t1,a6,3e0 <check_words_abs_tol.constprop.0+0x64>
     3a8:	0ff77513          	zext.b	a0,a4
     3ac:	01000737          	lui	a4,0x1000
     3b0:	f0070713          	addi	a4,a4,-256 # ffff00 <transformer_decode_skinny_gemm_m8_compat_c_sram+0x7fd398>
     3b4:	00879793          	slli	a5,a5,0x8
     3b8:	00c56533          	or	a0,a0,a2
     3bc:	00e7f7b3          	and	a5,a5,a4
     3c0:	ff010113          	addi	sp,sp,-16
     3c4:	00f56533          	or	a0,a0,a5
     3c8:	00112623          	sw	ra,12(sp)
     3cc:	e6dff0ef          	jal	238 <test_status_fail_code>
     3d0:	00c12083          	lw	ra,12(sp)
     3d4:	00000513          	li	a0,0
     3d8:	01010113          	addi	sp,sp,16
     3dc:	00008067          	ret
     3e0:	00468693          	addi	a3,a3,4
     3e4:	fb1692e3          	bne	a3,a7,388 <check_words_abs_tol.constprop.0+0xc>
     3e8:	00100513          	li	a0,1
     3ec:	00008067          	ret

000003f0 <main>:
     3f0:	fa010113          	addi	sp,sp,-96
     3f4:	008007b7          	lui	a5,0x800
     3f8:	04912a23          	sw	s1,84(sp)
     3fc:	05312623          	sw	s3,76(sp)
     400:	000014b7          	lui	s1,0x1
     404:	00078993          	mv	s3,a5
     408:	0e448493          	addi	s1,s1,228 # 10e4 <matmul_a>
     40c:	05412423          	sw	s4,72(sp)
     410:	11498a13          	addi	s4,s3,276
     414:	04000613          	li	a2,64
     418:	00048593          	mv	a1,s1
     41c:	000a0513          	mv	a0,s4
     420:	04112e23          	sw	ra,92(sp)
     424:	04812c23          	sw	s0,88(sp)
     428:	05212823          	sw	s2,80(sp)
     42c:	05512223          	sw	s5,68(sp)
     430:	05612023          	sw	s6,64(sp)
     434:	03712e23          	sw	s7,60(sp)
     438:	03812c23          	sw	s8,56(sp)
     43c:	03912a23          	sw	s9,52(sp)
     440:	03a12823          	sw	s10,48(sp)
     444:	03b12623          	sw	s11,44(sp)
     448:	21498913          	addi	s2,s3,532
     44c:	da1ff0ef          	jal	1ec <dma_copy_words>
     450:	04000613          	li	a2,64
     454:	10048593          	addi	a1,s1,256
     458:	00090513          	mv	a0,s2
     45c:	d91ff0ef          	jal	1ec <dma_copy_words>
     460:	00800437          	lui	s0,0x800
     464:	20048593          	addi	a1,s1,512
     468:	31440513          	addi	a0,s0,788 # 800314 <matmul_program_sram>
     46c:	01000613          	li	a2,16
     470:	d7dff0ef          	jal	1ec <dma_copy_words>
     474:	04000613          	li	a2,64
     478:	31440793          	addi	a5,s0,788
     47c:	00100713          	li	a4,1
     480:	35498513          	addi	a0,s3,852
     484:	01000413          	li	s0,16
     488:	00f9a223          	sw	a5,4(s3)
     48c:	00c9a823          	sw	a2,16(s3)
     490:	00c9ac23          	sw	a2,24(s3)
     494:	00a9ae23          	sw	a0,28(s3)
     498:	02c9a023          	sw	a2,32(s3)
     49c:	00e9a023          	sw	a4,0(s3)
     4a0:	02e9a423          	sw	a4,40(s3)
     4a4:	0089a423          	sw	s0,8(s3)
     4a8:	0149a623          	sw	s4,12(s3)
     4ac:	0129aa23          	sw	s2,20(s3)
     4b0:	0209a223          	sw	zero,36(s3)
     4b4:	d99ff0ef          	jal	24c <run_job>
     4b8:	008007b7          	lui	a5,0x800
     4bc:	10000693          	li	a3,256
     4c0:	04000613          	li	a2,64
     4c4:	24048593          	addi	a1,s1,576
     4c8:	35478513          	addi	a0,a5,852 # 800354 <matmul_c_sram>
     4cc:	e45ff0ef          	jal	310 <check_words>
     4d0:	22050c63          	beqz	a0,708 <main+0x318>
     4d4:	008007b7          	lui	a5,0x800
     4d8:	45478513          	addi	a0,a5,1108 # 800454 <attention_scale_mask_program_sram>
     4dc:	00040613          	mv	a2,s0
     4e0:	34048593          	addi	a1,s1,832
     4e4:	d09ff0ef          	jal	1ec <dma_copy_words>
     4e8:	008007b7          	lui	a5,0x800
     4ec:	49478513          	addi	a0,a5,1172 # 800494 <attention_softmax_program_sram>
     4f0:	07100613          	li	a2,113
     4f4:	38048593          	addi	a1,s1,896
     4f8:	cf5ff0ef          	jal	1ec <dma_copy_words>
     4fc:	00800ab7          	lui	s5,0x800
     500:	00040613          	mv	a2,s0
     504:	54448593          	addi	a1,s1,1348
     508:	658a8513          	addi	a0,s5,1624 # 800658 <vector_tile_vadd_program_sram>
     50c:	ce1ff0ef          	jal	1ec <dma_copy_words>
     510:	00040613          	mv	a2,s0
     514:	58448593          	addi	a1,s1,1412
     518:	09498513          	addi	a0,s3,148
     51c:	cd1ff0ef          	jal	1ec <dma_copy_words>
     520:	00040613          	mv	a2,s0
     524:	5c448593          	addi	a1,s1,1476
     528:	0d498513          	addi	a0,s3,212
     52c:	cc1ff0ef          	jal	1ec <dma_copy_words>
     530:	00040613          	mv	a2,s0
     534:	60448593          	addi	a1,s1,1540
     538:	69898513          	addi	a0,s3,1688
     53c:	cb1ff0ef          	jal	1ec <dma_copy_words>
     540:	6d898a13          	addi	s4,s3,1752
     544:	00800613          	li	a2,8
     548:	64448593          	addi	a1,s1,1604
     54c:	000a0513          	mv	a0,s4
     550:	c9dff0ef          	jal	1ec <dma_copy_words>
     554:	6f898913          	addi	s2,s3,1784
     558:	66448593          	addi	a1,s1,1636
     55c:	00800613          	li	a2,8
     560:	00090513          	mv	a0,s2
     564:	c89ff0ef          	jal	1ec <dma_copy_words>
     568:	00700713          	li	a4,7
     56c:	00800613          	li	a2,8
     570:	658a8793          	addi	a5,s5,1624
     574:	71898513          	addi	a0,s3,1816
     578:	00e9a023          	sw	a4,0(s3)
     57c:	00200713          	li	a4,2
     580:	00f9a223          	sw	a5,4(s3)
     584:	00c9a823          	sw	a2,16(s3)
     588:	00c9ac23          	sw	a2,24(s3)
     58c:	00a9ae23          	sw	a0,28(s3)
     590:	02c9a023          	sw	a2,32(s3)
     594:	02e9a423          	sw	a4,40(s3)
     598:	0089a423          	sw	s0,8(s3)
     59c:	0149a623          	sw	s4,12(s3)
     5a0:	0129aa23          	sw	s2,20(s3)
     5a4:	0209a223          	sw	zero,36(s3)
     5a8:	ca5ff0ef          	jal	24c <run_job>
     5ac:	008007b7          	lui	a5,0x800
     5b0:	28000693          	li	a3,640
     5b4:	00800613          	li	a2,8
     5b8:	68448593          	addi	a1,s1,1668
     5bc:	71878513          	addi	a0,a5,1816 # 800718 <vector_tile_vadd_output_sram>
     5c0:	d51ff0ef          	jal	310 <check_words>
     5c4:	14050263          	beqz	a0,708 <main+0x318>
     5c8:	73898c93          	addi	s9,s3,1848
     5cc:	200c8693          	addi	a3,s9,512
     5d0:	000c8713          	mv	a4,s9
     5d4:	00072023          	sw	zero,0(a4)
     5d8:	00470713          	addi	a4,a4,4
     5dc:	fed71ce3          	bne	a4,a3,5d4 <main+0x1e4>
     5e0:	00801437          	lui	s0,0x801
     5e4:	00010d37          	lui	s10,0x10
     5e8:	0000f937          	lui	s2,0xf
     5ec:	00040413          	mv	s0,s0
     5f0:	bd8d0d13          	addi	s10,s10,-1064 # fbd8 <digits_tile_a>
     5f4:	bd890913          	addi	s2,s2,-1064 # ebd8 <digits_tile_b>
     5f8:	6a448813          	addi	a6,s1,1700
     5fc:	00300d93          	li	s11,3
     600:	04000a13          	li	s4,64
     604:	a3840b13          	addi	s6,s0,-1480 # 800a38 <digits_b_tile_sram>
     608:	00100b93          	li	s7,1
     60c:	01000c13          	li	s8,16
     610:	00801ab7          	lui	s5,0x801
     614:	938a8513          	addi	a0,s5,-1736 # 800938 <digits_a_tile_sram>
     618:	04000613          	li	a2,64
     61c:	000d0593          	mv	a1,s10
     620:	01012623          	sw	a6,12(sp)
     624:	bc9ff0ef          	jal	1ec <dma_copy_words>
     628:	000b0513          	mv	a0,s6
     62c:	04000613          	li	a2,64
     630:	00090593          	mv	a1,s2
     634:	bb9ff0ef          	jal	1ec <dma_copy_words>
     638:	008007b7          	lui	a5,0x800
     63c:	31478793          	addi	a5,a5,788 # 800314 <matmul_program_sram>
     640:	b3840593          	addi	a1,s0,-1224
     644:	00f9a223          	sw	a5,4(s3)
     648:	938a8793          	addi	a5,s5,-1736
     64c:	00b9ae23          	sw	a1,28(s3)
     650:	00b12423          	sw	a1,8(sp)
     654:	0179a023          	sw	s7,0(s3)
     658:	03b9a423          	sw	s11,40(s3)
     65c:	0189a423          	sw	s8,8(s3)
     660:	00f9a623          	sw	a5,12(s3)
     664:	0149a823          	sw	s4,16(s3)
     668:	0169aa23          	sw	s6,20(s3)
     66c:	0149ac23          	sw	s4,24(s3)
     670:	0349a023          	sw	s4,32(s3)
     674:	0209a223          	sw	zero,36(s3)
     678:	bd5ff0ef          	jal	24c <run_job>
     67c:	00c12803          	lw	a6,12(sp)
     680:	00812583          	lw	a1,8(sp)
     684:	00000a93          	li	s5,0
     688:	00082503          	lw	a0,0(a6)
     68c:	02000313          	li	t1,32
     690:	00251713          	slli	a4,a0,0x2
     694:	01970733          	add	a4,a4,s9
     698:	00000613          	li	a2,0
     69c:	00c58e33          	add	t3,a1,a2
     6a0:	00072883          	lw	a7,0(a4)
     6a4:	000e2e03          	lw	t3,0(t3)
     6a8:	00460613          	addi	a2,a2,4
     6ac:	00470713          	addi	a4,a4,4
     6b0:	01c888b3          	add	a7,a7,t3
     6b4:	ff172e23          	sw	a7,-4(a4)
     6b8:	fe6612e3          	bne	a2,t1,69c <main+0x2ac>
     6bc:	008a8a93          	addi	s5,s5,8
     6c0:	01050513          	addi	a0,a0,16
     6c4:	02058593          	addi	a1,a1,32
     6c8:	fd4a94e3          	bne	s5,s4,690 <main+0x2a0>
     6cc:	001d8d93          	addi	s11,s11,1
     6d0:	01300713          	li	a4,19
     6d4:	100d0d13          	addi	s10,s10,256
     6d8:	10090913          	addi	s2,s2,256
     6dc:	00480813          	addi	a6,a6,4
     6e0:	f2ed98e3          	bne	s11,a4,610 <main+0x220>
     6e4:	6e448493          	addi	s1,s1,1764
     6e8:	000c8713          	mv	a4,s9
     6ec:	00000513          	li	a0,0
     6f0:	08000693          	li	a3,128
     6f4:	00072583          	lw	a1,0(a4)
     6f8:	0004a603          	lw	a2,0(s1)
     6fc:	04c58663          	beq	a1,a2,748 <main+0x358>
     700:	30056513          	ori	a0,a0,768
     704:	b35ff0ef          	jal	238 <test_status_fail_code>
     708:	00100513          	li	a0,1
     70c:	05c12083          	lw	ra,92(sp)
     710:	05812403          	lw	s0,88(sp)
     714:	05412483          	lw	s1,84(sp)
     718:	05012903          	lw	s2,80(sp)
     71c:	04c12983          	lw	s3,76(sp)
     720:	04812a03          	lw	s4,72(sp)
     724:	04412a83          	lw	s5,68(sp)
     728:	04012b03          	lw	s6,64(sp)
     72c:	03c12b83          	lw	s7,60(sp)
     730:	03812c03          	lw	s8,56(sp)
     734:	03412c83          	lw	s9,52(sp)
     738:	03012d03          	lw	s10,48(sp)
     73c:	02c12d83          	lw	s11,44(sp)
     740:	06010113          	addi	sp,sp,96
     744:	00008067          	ret
     748:	00150513          	addi	a0,a0,1
     74c:	00470713          	addi	a4,a4,4
     750:	00448493          	addi	s1,s1,4
     754:	fad510e3          	bne	a0,a3,6f4 <main+0x304>
     758:	7389a683          	lw	a3,1848(s3)
     75c:	00000b93          	li	s7,0
     760:	00100713          	li	a4,1
     764:	00a00593          	li	a1,10
     768:	004ca603          	lw	a2,4(s9)
     76c:	00c6d663          	bge	a3,a2,778 <main+0x388>
     770:	00060693          	mv	a3,a2
     774:	00070b93          	mv	s7,a4
     778:	00170713          	addi	a4,a4,1
     77c:	004c8c93          	addi	s9,s9,4
     780:	feb714e3          	bne	a4,a1,768 <main+0x378>
     784:	00200713          	li	a4,2
     788:	00000a13          	li	s4,0
     78c:	16eb9c63          	bne	s7,a4,904 <main+0x514>
     790:	00002937          	lui	s2,0x2
     794:	0e490913          	addi	s2,s2,228 # 20e4 <transformer_attention_qk_s8_d8_b+0xdc>
     798:	c3840c93          	addi	s9,s0,-968
     79c:	8e490d13          	addi	s10,s2,-1820
     7a0:	e3840493          	addi	s1,s0,-456
     7a4:	ae490b13          	addi	s6,s2,-1308
     7a8:	20000c13          	li	s8,512
     7ac:	014d05b3          	add	a1,s10,s4
     7b0:	014c8533          	add	a0,s9,s4
     7b4:	04000613          	li	a2,64
     7b8:	a35ff0ef          	jal	1ec <dma_copy_words>
     7bc:	014b05b3          	add	a1,s6,s4
     7c0:	01448533          	add	a0,s1,s4
     7c4:	04000613          	li	a2,64
     7c8:	100a0a13          	addi	s4,s4,256
     7cc:	a21ff0ef          	jal	1ec <dma_copy_words>
     7d0:	fd8a1ee3          	bne	s4,s8,7ac <main+0x3bc>
     7d4:	01300713          	li	a4,19
     7d8:	008007b7          	lui	a5,0x800
     7dc:	04000a13          	li	s4,64
     7e0:	31478793          	addi	a5,a5,788 # 800314 <matmul_program_sram>
     7e4:	03840513          	addi	a0,s0,56
     7e8:	02e9a423          	sw	a4,40(s3)
     7ec:	00300c13          	li	s8,3
     7f0:	01000713          	li	a4,16
     7f4:	00200b13          	li	s6,2
     7f8:	00f9a223          	sw	a5,4(s3)
     7fc:	00a9ae23          	sw	a0,28(s3)
     800:	0189a023          	sw	s8,0(s3)
     804:	00e9a423          	sw	a4,8(s3)
     808:	0199a623          	sw	s9,12(s3)
     80c:	0149a823          	sw	s4,16(s3)
     810:	0099aa23          	sw	s1,20(s3)
     814:	0149ac23          	sw	s4,24(s3)
     818:	0349a023          	sw	s4,32(s3)
     81c:	0369a223          	sw	s6,36(s3)
     820:	a2dff0ef          	jal	24c <run_job>
     824:	000016b7          	lui	a3,0x1
     828:	008017b7          	lui	a5,0x801
     82c:	b0068693          	addi	a3,a3,-1280 # b00 <main+0x710>
     830:	000a0613          	mv	a2,s4
     834:	ce490593          	addi	a1,s2,-796
     838:	03878513          	addi	a0,a5,56 # 801038 <transformer_prefill_gemm_tiny_c_sram>
     83c:	ad5ff0ef          	jal	310 <check_words>
     840:	ec0504e3          	beqz	a0,708 <main+0x318>
     844:	de490493          	addi	s1,s2,-540
     848:	00100c93          	li	s9,1
     84c:	00400d93          	li	s11,4
     850:	0004ad03          	lw	s10,0(s1)
     854:	0b9d1c63          	bne	s10,s9,90c <main+0x51c>
     858:	000027b7          	lui	a5,0x2
     85c:	f0878593          	addi	a1,a5,-248 # 1f08 <transformer_attention_qk_s8_d8_a>
     860:	008017b7          	lui	a5,0x801
     864:	13878513          	addi	a0,a5,312 # 801138 <transformer_attention_qk_s8_d8_a_sram>
     868:	04000613          	li	a2,64
     86c:	981ff0ef          	jal	1ec <dma_copy_words>
     870:	00002737          	lui	a4,0x2
     874:	23840513          	addi	a0,s0,568
     878:	04000613          	li	a2,64
     87c:	00870593          	addi	a1,a4,8 # 2008 <transformer_attention_qk_s8_d8_b>
     880:	96dff0ef          	jal	1ec <dma_copy_words>
     884:	008017b7          	lui	a5,0x801
     888:	13878813          	addi	a6,a5,312 # 801138 <transformer_attention_qk_s8_d8_a_sram>
     88c:	008017b7          	lui	a5,0x801
     890:	23878513          	addi	a0,a5,568 # 801238 <transformer_attention_qk_s8_d8_b_sram>
     894:	008007b7          	lui	a5,0x800
     898:	33840613          	addi	a2,s0,824
     89c:	31478313          	addi	t1,a5,788 # 800314 <matmul_program_sram>
     8a0:	000a8593          	mv	a1,s5
     8a4:	000c8693          	mv	a3,s9
     8a8:	01000893          	li	a7,16
     8ac:	02d9a223          	sw	a3,36(s3)
     8b0:	0044a683          	lw	a3,4(s1)
     8b4:	0069a223          	sw	t1,4(s3)
     8b8:	0119a423          	sw	a7,8(s3)
     8bc:	00d9a023          	sw	a3,0(s3)
     8c0:	0084a683          	lw	a3,8(s1)
     8c4:	0109a623          	sw	a6,12(s3)
     8c8:	0149a823          	sw	s4,16(s3)
     8cc:	00a9aa23          	sw	a0,20(s3)
     8d0:	00b9ac23          	sw	a1,24(s3)
     8d4:	00c9ae23          	sw	a2,28(s3)
     8d8:	0349a023          	sw	s4,32(s3)
     8dc:	02d9a423          	sw	a3,40(s3)
     8e0:	96dff0ef          	jal	24c <run_job>
     8e4:	0d9d1863          	bne	s10,s9,9b4 <main+0x5c4>
     8e8:	000016b7          	lui	a3,0x1
     8ec:	d0068693          	addi	a3,a3,-768 # d00 <main+0x910>
     8f0:	04000613          	li	a2,64
     8f4:	12c90593          	addi	a1,s2,300
     8f8:	33840513          	addi	a0,s0,824
     8fc:	a15ff0ef          	jal	310 <check_words>
     900:	0cc0006f          	j	9cc <main+0x5dc>
     904:	400be513          	ori	a0,s7,1024
     908:	dfdff06f          	j	704 <main+0x314>
     90c:	036d1c63          	bne	s10,s6,944 <main+0x554>
     910:	43840513          	addi	a0,s0,1080
     914:	000b0613          	mv	a2,s6
     918:	02490593          	addi	a1,s2,36
     91c:	8d1ff0ef          	jal	1ec <dma_copy_words>
     920:	008007b7          	lui	a5,0x800
     924:	45478313          	addi	t1,a5,1108 # 800454 <attention_scale_mask_program_sram>
     928:	008017b7          	lui	a5,0x801
     92c:	33840813          	addi	a6,s0,824
     930:	43878513          	addi	a0,a5,1080 # 801438 <transformer_attention_scale_mask_s8_d8_mask_sram>
     934:	44040613          	addi	a2,s0,1088
     938:	000b0593          	mv	a1,s6
     93c:	01000893          	li	a7,16
     940:	0240006f          	j	964 <main+0x574>
     944:	038d1463          	bne	s10,s8,96c <main+0x57c>
     948:	008007b7          	lui	a5,0x800
     94c:	49478313          	addi	t1,a5,1172 # 800494 <attention_softmax_program_sram>
     950:	44040813          	addi	a6,s0,1088
     954:	43840513          	addi	a0,s0,1080
     958:	54040613          	addi	a2,s0,1344
     95c:	000b8593          	mv	a1,s7
     960:	07100893          	li	a7,113
     964:	00000693          	li	a3,0
     968:	f45ff06f          	j	8ac <main+0x4bc>
     96c:	03bd1a63          	bne	s10,s11,9a0 <main+0x5b0>
     970:	64040513          	addi	a0,s0,1600
     974:	04000613          	li	a2,64
     978:	02c90593          	addi	a1,s2,44
     97c:	871ff0ef          	jal	1ec <dma_copy_words>
     980:	008017b7          	lui	a5,0x801
     984:	64078513          	addi	a0,a5,1600 # 801640 <transformer_attention_pv_s8_d8_b_sram>
     988:	008007b7          	lui	a5,0x800
     98c:	54040813          	addi	a6,s0,1344
     990:	74040613          	addi	a2,s0,1856
     994:	31478313          	addi	t1,a5,788 # 800314 <matmul_program_sram>
     998:	000a8593          	mv	a1,s5
     99c:	fa1ff06f          	j	93c <main+0x54c>
     9a0:	000017b7          	lui	a5,0x1
     9a4:	0ffd7513          	zext.b	a0,s10
     9a8:	d0078793          	addi	a5,a5,-768 # d00 <main+0x910>
     9ac:	00f56533          	or	a0,a0,a5
     9b0:	d55ff06f          	j	704 <main+0x314>
     9b4:	698d1c63          	bne	s10,s8,104c <main+0xc5c>
     9b8:	00001637          	lui	a2,0x1
     9bc:	e0060613          	addi	a2,a2,-512 # e00 <main+0xa10>
     9c0:	22c90593          	addi	a1,s2,556
     9c4:	54040513          	addi	a0,s0,1344
     9c8:	9b5ff0ef          	jal	37c <check_words_abs_tol.constprop.0>
     9cc:	d2050ee3          	beqz	a0,708 <main+0x318>
     9d0:	000027b7          	lui	a5,0x2
     9d4:	01048493          	addi	s1,s1,16
     9d8:	f0878793          	addi	a5,a5,-248 # 1f08 <transformer_attention_qk_s8_d8_a>
     9dc:	e6f49ae3          	bne	s1,a5,850 <main+0x460>
     9e0:	008034b7          	lui	s1,0x803
     9e4:	00048493          	mv	s1,s1
     9e8:	00005a37          	lui	s4,0x5
     9ec:	96848a93          	addi	s5,s1,-1688 # 802968 <transformer_decode_skinny_gemm_m8_compat_a_sram>
     9f0:	0e4a0a13          	addi	s4,s4,228 # 50e4 <transformer_tinyllama_b0_rmsnorm_vector_subgraph_input1+0x8c>
     9f4:	000a8513          	mv	a0,s5
     9f8:	04000613          	li	a2,64
     9fc:	7f4a0593          	addi	a1,s4,2036
     a00:	00006437          	lui	s0,0x6
     a04:	fe8ff0ef          	jal	1ec <dma_copy_words>
     a08:	0e440413          	addi	s0,s0,228 # 60e4 <transformer_tinyllama_b0_matrix_subgraph_expected_c+0x50c>
     a0c:	a6848b13          	addi	s6,s1,-1432
     a10:	04000613          	li	a2,64
     a14:	8f440593          	addi	a1,s0,-1804
     a18:	000b0513          	mv	a0,s6
     a1c:	fd0ff0ef          	jal	1ec <dma_copy_words>
     a20:	00300793          	li	a5,3
     a24:	00f9a023          	sw	a5,0(s3)
     a28:	01800713          	li	a4,24
     a2c:	008007b7          	lui	a5,0x800
     a30:	31478793          	addi	a5,a5,788 # 800314 <matmul_program_sram>
     a34:	b6848513          	addi	a0,s1,-1176
     a38:	02e9a423          	sw	a4,40(s3)
     a3c:	0159a623          	sw	s5,12(s3)
     a40:	00100713          	li	a4,1
     a44:	04000a93          	li	s5,64
     a48:	01000b93          	li	s7,16
     a4c:	00f9a223          	sw	a5,4(s3)
     a50:	00a9ae23          	sw	a0,28(s3)
     a54:	0179a423          	sw	s7,8(s3)
     a58:	0159a823          	sw	s5,16(s3)
     a5c:	0169aa23          	sw	s6,20(s3)
     a60:	0159ac23          	sw	s5,24(s3)
     a64:	0359a023          	sw	s5,32(s3)
     a68:	02e9a223          	sw	a4,36(s3)
     a6c:	fe0ff0ef          	jal	24c <run_job>
     a70:	000016b7          	lui	a3,0x1
     a74:	008037b7          	lui	a5,0x803
     a78:	c0068693          	addi	a3,a3,-1024 # c00 <main+0x810>
     a7c:	000a8613          	mv	a2,s5
     a80:	9f440593          	addi	a1,s0,-1548
     a84:	b6878513          	addi	a0,a5,-1176 # 802b68 <transformer_decode_skinny_gemm_m8_compat_c_sram>
     a88:	889ff0ef          	jal	310 <check_words>
     a8c:	c6050ee3          	beqz	a0,708 <main+0x318>
     a90:	00006b37          	lui	s6,0x6
     a94:	0000b8b7          	lui	a7,0xb
     a98:	00007837          	lui	a6,0x7
     a9c:	00802437          	lui	s0,0x802
     aa0:	52c90d93          	addi	s11,s2,1324
     aa4:	bd8b0b13          	addi	s6,s6,-1064 # 5bd8 <transformer_tinyllama_b0_matrix_subgraph_expected_c>
     aa8:	bd888d13          	addi	s10,a7,-1064 # abd8 <transformer_tinyllama_b0_matrix_subgraph_a>
     aac:	bd880c93          	addi	s9,a6,-1064 # 6bd8 <transformer_tinyllama_b0_matrix_subgraph_b>
     ab0:	00000c13          	li	s8,0
     ab4:	00040413          	mv	s0,s0
     ab8:	008027b7          	lui	a5,0x802
     abc:	c4078793          	addi	a5,a5,-960 # 801c40 <transformer_tinyllama_b0_matrix_subgraph_b_sram>
     ac0:	000daf03          	lw	t5,0(s11)
     ac4:	00f12423          	sw	a5,8(sp)
     ac8:	008027b7          	lui	a5,0x802
     acc:	01912623          	sw	s9,12(sp)
     ad0:	000d0e93          	mv	t4,s10
     ad4:	84078e13          	addi	t3,a5,-1984 # 801840 <transformer_tinyllama_b0_matrix_subgraph_a_sram>
     ad8:	00000693          	li	a3,0
     adc:	5adf1063          	bne	t5,a3,107c <main+0xc8c>
     ae0:	00300793          	li	a5,3
     ae4:	00f9a023          	sw	a5,0(s3)
     ae8:	008007b7          	lui	a5,0x800
     aec:	31478793          	addi	a5,a5,788 # 800314 <matmul_program_sram>
     af0:	00f9a223          	sw	a5,4(s3)
     af4:	008027b7          	lui	a5,0x802
     af8:	84078793          	addi	a5,a5,-1984 # 801840 <transformer_tinyllama_b0_matrix_subgraph_a_sram>
     afc:	00f9a623          	sw	a5,12(s3)
     b00:	008027b7          	lui	a5,0x802
     b04:	c4078793          	addi	a5,a5,-960 # 801c40 <transformer_tinyllama_b0_matrix_subgraph_b_sram>
     b08:	00f9aa23          	sw	a5,20(s3)
     b0c:	008027b7          	lui	a5,0x802
     b10:	019c0693          	addi	a3,s8,25
     b14:	04078713          	addi	a4,a5,64 # 802040 <transformer_tinyllama_b0_matrix_subgraph_c_sram>
     b18:	02d9a423          	sw	a3,40(s3)
     b1c:	0179a423          	sw	s7,8(s3)
     b20:	0159a823          	sw	s5,16(s3)
     b24:	0159ac23          	sw	s5,24(s3)
     b28:	00e9ae23          	sw	a4,28(s3)
     b2c:	0359a023          	sw	s5,32(s3)
     b30:	03e9a223          	sw	t5,36(s3)
     b34:	f18ff0ef          	jal	24c <run_job>
     b38:	000016b7          	lui	a3,0x1
     b3c:	a0068693          	addi	a3,a3,-1536 # a00 <main+0x610>
     b40:	008027b7          	lui	a5,0x802
     b44:	00dc66b3          	or	a3,s8,a3
     b48:	04000613          	li	a2,64
     b4c:	000b0593          	mv	a1,s6
     b50:	04078513          	addi	a0,a5,64 # 802040 <transformer_tinyllama_b0_matrix_subgraph_c_sram>
     b54:	fbcff0ef          	jal	310 <check_words>
     b58:	ba0508e3          	beqz	a0,708 <main+0x318>
     b5c:	001c0c13          	addi	s8,s8,1
     b60:	004d8d93          	addi	s11,s11,4
     b64:	100b0b13          	addi	s6,s6,256
     b68:	400d0d13          	addi	s10,s10,1024
     b6c:	400c8c93          	addi	s9,s9,1024
     b70:	f57c14e3          	bne	s8,s7,ab8 <main+0x6c8>
     b74:	008007b7          	lui	a5,0x800
     b78:	b74a0b93          	addi	s7,s4,-1164
     b7c:	f74a0b13          	addi	s6,s4,-140
     b80:	374a0c93          	addi	s9,s4,884
     b84:	3f4a0a93          	addi	s5,s4,1012
     b88:	00000d93          	li	s11,0
     b8c:	00800c13          	li	s8,8
     b90:	00078993          	mv	s3,a5
     b94:	00700d13          	li	s10,7
     b98:	008027b7          	lui	a5,0x802
     b9c:	14078513          	addi	a0,a5,320 # 802140 <transformer_tinyllama_b0_rmsnorm_vector_subgraph_input0_sram>
     ba0:	00800613          	li	a2,8
     ba4:	000b8593          	mv	a1,s7
     ba8:	e44ff0ef          	jal	1ec <dma_copy_words>
     bac:	008027b7          	lui	a5,0x802
     bb0:	00800613          	li	a2,8
     bb4:	000b0593          	mv	a1,s6
     bb8:	16078513          	addi	a0,a5,352 # 802160 <transformer_tinyllama_b0_rmsnorm_vector_subgraph_input1_sram>
     bbc:	e30ff0ef          	jal	1ec <dma_copy_words>
     bc0:	000ca603          	lw	a2,0(s9)
     bc4:	029d8693          	addi	a3,s11,41
     bc8:	02d9a423          	sw	a3,40(s3)
     bcc:	01a9a023          	sw	s10,0(s3)
     bd0:	0d498693          	addi	a3,s3,212
     bd4:	00061463          	bnez	a2,bdc <main+0x7ec>
     bd8:	09498693          	addi	a3,s3,148
     bdc:	008027b7          	lui	a5,0x802
     be0:	14078793          	addi	a5,a5,320 # 802140 <transformer_tinyllama_b0_rmsnorm_vector_subgraph_input0_sram>
     be4:	00f9a623          	sw	a5,12(s3)
     be8:	008027b7          	lui	a5,0x802
     bec:	16078793          	addi	a5,a5,352 # 802160 <transformer_tinyllama_b0_rmsnorm_vector_subgraph_input1_sram>
     bf0:	18040513          	addi	a0,s0,384 # 802180 <transformer_tinyllama_b0_rmsnorm_vector_subgraph_output_sram>
     bf4:	00d9a223          	sw	a3,4(s3)
     bf8:	01000693          	li	a3,16
     bfc:	00d9a423          	sw	a3,8(s3)
     c00:	00f9aa23          	sw	a5,20(s3)
     c04:	00a9ae23          	sw	a0,28(s3)
     c08:	0189a823          	sw	s8,16(s3)
     c0c:	0189ac23          	sw	s8,24(s3)
     c10:	0389a023          	sw	s8,32(s3)
     c14:	0209a223          	sw	zero,36(s3)
     c18:	e34ff0ef          	jal	24c <run_job>
     c1c:	00001637          	lui	a2,0x1
     c20:	97060613          	addi	a2,a2,-1680 # 970 <main+0x580>
     c24:	00fdf693          	andi	a3,s11,15
     c28:	008027b7          	lui	a5,0x802
     c2c:	00c6e6b3          	or	a3,a3,a2
     c30:	000a8593          	mv	a1,s5
     c34:	00800613          	li	a2,8
     c38:	18078513          	addi	a0,a5,384 # 802180 <transformer_tinyllama_b0_rmsnorm_vector_subgraph_output_sram>
     c3c:	ed4ff0ef          	jal	310 <check_words>
     c40:	ac0504e3          	beqz	a0,708 <main+0x318>
     c44:	001d8d93          	addi	s11,s11,1
     c48:	02000693          	li	a3,32
     c4c:	020b8b93          	addi	s7,s7,32
     c50:	020b0b13          	addi	s6,s6,32
     c54:	004c8c93          	addi	s9,s9,4
     c58:	020a8a93          	addi	s5,s5,32
     c5c:	f2dd9ee3          	bne	s11,a3,b98 <main+0x7a8>
     c60:	008027b7          	lui	a5,0x802
     c64:	b6ca0593          	addi	a1,s4,-1172
     c68:	4a078513          	addi	a0,a5,1184 # 8024a0 <transformer_tinyllama_b0_attention_subgraph_mask_sram>
     c6c:	00200613          	li	a2,2
     c70:	d7cff0ef          	jal	1ec <dma_copy_words>
     c74:	76c90793          	addi	a5,s2,1900
     c78:	00003937          	lui	s2,0x3
     c7c:	00000a93          	li	s5,0
     c80:	04900b93          	li	s7,73
     c84:	00000b13          	li	s6,0
     c88:	04000a13          	li	s4,64
     c8c:	00f12423          	sw	a5,8(sp)
     c90:	0e490913          	addi	s2,s2,228 # 30e4 <transformer_tinyllama_b0_attention_subgraph_pv_b+0x94>
     c94:	000027b7          	lui	a5,0x2
     c98:	65078793          	addi	a5,a5,1616 # 2650 <transformer_tinyllama_b0_attention_subgraph_qk_a>
     c9c:	00802cb7          	lui	s9,0x802
     ca0:	015785b3          	add	a1,a5,s5
     ca4:	1a0c8513          	addi	a0,s9,416 # 8021a0 <transformer_tinyllama_b0_attention_subgraph_qk_a_sram>
     ca8:	04000613          	li	a2,64
     cac:	d40ff0ef          	jal	1ec <dma_copy_words>
     cb0:	00812783          	lw	a5,8(sp)
     cb4:	00802d37          	lui	s10,0x802
     cb8:	04000613          	li	a2,64
     cbc:	015785b3          	add	a1,a5,s5
     cc0:	2a0d0513          	addi	a0,s10,672 # 8022a0 <transformer_tinyllama_b0_attention_subgraph_qk_b_sram>
     cc4:	d28ff0ef          	jal	1ec <dma_copy_words>
     cc8:	00300713          	li	a4,3
     ccc:	008007b7          	lui	a5,0x800
     cd0:	00e9a023          	sw	a4,0(s3)
     cd4:	31478713          	addi	a4,a5,788 # 800314 <matmul_program_sram>
     cd8:	00e9a223          	sw	a4,4(s3)
     cdc:	1a0c8713          	addi	a4,s9,416
     ce0:	00e9a623          	sw	a4,12(s3)
     ce4:	3a040c93          	addi	s9,s0,928
     ce8:	2a0d0713          	addi	a4,s10,672
     cec:	01000c13          	li	s8,16
     cf0:	00100d93          	li	s11,1
     cf4:	00e9aa23          	sw	a4,20(s3)
     cf8:	0379a423          	sw	s7,40(s3)
     cfc:	0189a423          	sw	s8,8(s3)
     d00:	0149a823          	sw	s4,16(s3)
     d04:	0149ac23          	sw	s4,24(s3)
     d08:	0199ae23          	sw	s9,28(s3)
     d0c:	0349a023          	sw	s4,32(s3)
     d10:	03b9a223          	sw	s11,36(s3)
     d14:	d38ff0ef          	jal	24c <run_job>
     d18:	000016b7          	lui	a3,0x1
     d1c:	00003737          	lui	a4,0x3
     d20:	b0068693          	addi	a3,a3,-1280 # b00 <main+0x710>
     d24:	a5070713          	addi	a4,a4,-1456 # 2a50 <transformer_tinyllama_b0_attention_subgraph_qk_expected>
     d28:	00db66b3          	or	a3,s6,a3
     d2c:	04000613          	li	a2,64
     d30:	015705b3          	add	a1,a4,s5
     d34:	000c8513          	mv	a0,s9
     d38:	dd8ff0ef          	jal	310 <check_words>
     d3c:	9c0506e3          	beqz	a0,708 <main+0x318>
     d40:	00600713          	li	a4,6
     d44:	00e9a023          	sw	a4,0(s3)
     d48:	01bb8733          	add	a4,s7,s11
     d4c:	02e9a423          	sw	a4,40(s3)
     d50:	008027b7          	lui	a5,0x802
     d54:	45498713          	addi	a4,s3,1108
     d58:	00e9a223          	sw	a4,4(s3)
     d5c:	0199a623          	sw	s9,12(s3)
     d60:	4a078713          	addi	a4,a5,1184 # 8024a0 <transformer_tinyllama_b0_attention_subgraph_mask_sram>
     d64:	4a840d13          	addi	s10,s0,1192
     d68:	00200c93          	li	s9,2
     d6c:	0189a423          	sw	s8,8(s3)
     d70:	0149a823          	sw	s4,16(s3)
     d74:	00e9aa23          	sw	a4,20(s3)
     d78:	0199ac23          	sw	s9,24(s3)
     d7c:	01a9ae23          	sw	s10,28(s3)
     d80:	0349a023          	sw	s4,32(s3)
     d84:	0209a223          	sw	zero,36(s3)
     d88:	cc4ff0ef          	jal	24c <run_job>
     d8c:	000016b7          	lui	a3,0x1
     d90:	b6c90593          	addi	a1,s2,-1172
     d94:	b2068693          	addi	a3,a3,-1248 # b20 <main+0x730>
     d98:	00db66b3          	or	a3,s6,a3
     d9c:	04000613          	li	a2,64
     da0:	015585b3          	add	a1,a1,s5
     da4:	000d0513          	mv	a0,s10
     da8:	d68ff0ef          	jal	310 <check_words>
     dac:	94050ee3          	beqz	a0,708 <main+0x318>
     db0:	00400713          	li	a4,4
     db4:	00e9a023          	sw	a4,0(s3)
     db8:	019b8733          	add	a4,s7,s9
     dbc:	02e9a423          	sw	a4,40(s3)
     dc0:	49498713          	addi	a4,s3,1172
     dc4:	00e9a223          	sw	a4,4(s3)
     dc8:	008027b7          	lui	a5,0x802
     dcc:	07100713          	li	a4,113
     dd0:	00e9a423          	sw	a4,8(s3)
     dd4:	01a9a623          	sw	s10,12(s3)
     dd8:	4a078713          	addi	a4,a5,1184 # 8024a0 <transformer_tinyllama_b0_attention_subgraph_mask_sram>
     ddc:	5a840d13          	addi	s10,s0,1448
     de0:	0149a823          	sw	s4,16(s3)
     de4:	00e9aa23          	sw	a4,20(s3)
     de8:	0199ac23          	sw	s9,24(s3)
     dec:	01a9ae23          	sw	s10,28(s3)
     df0:	0349a023          	sw	s4,32(s3)
     df4:	0209a223          	sw	zero,36(s3)
     df8:	c54ff0ef          	jal	24c <run_job>
     dfc:	00001637          	lui	a2,0x1
     e00:	d6c90593          	addi	a1,s2,-660
     e04:	b4060613          	addi	a2,a2,-1216 # b40 <main+0x750>
     e08:	00cb6633          	or	a2,s6,a2
     e0c:	015585b3          	add	a1,a1,s5
     e10:	000d0513          	mv	a0,s10
     e14:	d68ff0ef          	jal	37c <check_words_abs_tol.constprop.0>
     e18:	8e0508e3          	beqz	a0,708 <main+0x318>
     e1c:	f6c90593          	addi	a1,s2,-148
     e20:	04000613          	li	a2,64
     e24:	015585b3          	add	a1,a1,s5
     e28:	6a840513          	addi	a0,s0,1704
     e2c:	bc0ff0ef          	jal	1ec <dma_copy_words>
     e30:	008007b7          	lui	a5,0x800
     e34:	31478793          	addi	a5,a5,788 # 800314 <matmul_program_sram>
     e38:	00f9a223          	sw	a5,4(s3)
     e3c:	008027b7          	lui	a5,0x802
     e40:	6a878513          	addi	a0,a5,1704 # 8026a8 <transformer_tinyllama_b0_attention_subgraph_pv_b_sram>
     e44:	00500713          	li	a4,5
     e48:	00e9a023          	sw	a4,0(s3)
     e4c:	00a9aa23          	sw	a0,20(s3)
     e50:	003b8713          	addi	a4,s7,3
     e54:	7a840513          	addi	a0,s0,1960
     e58:	00a9ae23          	sw	a0,28(s3)
     e5c:	02e9a423          	sw	a4,40(s3)
     e60:	0189a423          	sw	s8,8(s3)
     e64:	01a9a623          	sw	s10,12(s3)
     e68:	0149a823          	sw	s4,16(s3)
     e6c:	0149ac23          	sw	s4,24(s3)
     e70:	0349a023          	sw	s4,32(s3)
     e74:	0209a223          	sw	zero,36(s3)
     e78:	bd4ff0ef          	jal	24c <run_job>
     e7c:	000016b7          	lui	a3,0x1
     e80:	16c90593          	addi	a1,s2,364
     e84:	b6068693          	addi	a3,a3,-1184 # b60 <main+0x770>
     e88:	008027b7          	lui	a5,0x802
     e8c:	00db66b3          	or	a3,s6,a3
     e90:	04000613          	li	a2,64
     e94:	015585b3          	add	a1,a1,s5
     e98:	7a878513          	addi	a0,a5,1960 # 8027a8 <transformer_tinyllama_b0_attention_subgraph_pv_c_sram>
     e9c:	c74ff0ef          	jal	310 <check_words>
     ea0:	860504e3          	beqz	a0,708 <main+0x318>
     ea4:	01bb0733          	add	a4,s6,s11
     ea8:	004b8b93          	addi	s7,s7,4
     eac:	100a8a93          	addi	s5,s5,256
     eb0:	000d8b13          	mv	s6,s11
     eb4:	df9710e3          	bne	a4,s9,c94 <main+0x8a4>
     eb8:	00004437          	lui	s0,0x4
     ebc:	0e440413          	addi	s0,s0,228 # 40e4 <transformer_tinyllama_b0_residual_vector_subgraph_input0+0x94>
     ec0:	36c90d93          	addi	s11,s2,876
     ec4:	b6c40a13          	addi	s4,s0,-1172
     ec8:	76c90913          	addi	s2,s2,1900
     ecc:	00000d13          	li	s10,0
     ed0:	00800a93          	li	s5,8
     ed4:	00700b93          	li	s7,7
     ed8:	69898c93          	addi	s9,s3,1688
     edc:	8e848b13          	addi	s6,s1,-1816
     ee0:	008037b7          	lui	a5,0x803
     ee4:	8a878513          	addi	a0,a5,-1880 # 8028a8 <transformer_tinyllama_b0_gate_mul_vector_subgraph_input0_sram>
     ee8:	00800613          	li	a2,8
     eec:	000d8593          	mv	a1,s11
     ef0:	afcff0ef          	jal	1ec <dma_copy_words>
     ef4:	00803737          	lui	a4,0x803
     ef8:	8c870513          	addi	a0,a4,-1848 # 8028c8 <transformer_tinyllama_b0_gate_mul_vector_subgraph_input1_sram>
     efc:	00800613          	li	a2,8
     f00:	00090593          	mv	a1,s2
     f04:	ae8ff0ef          	jal	1ec <dma_copy_words>
     f08:	008037b7          	lui	a5,0x803
     f0c:	8a878793          	addi	a5,a5,-1880 # 8028a8 <transformer_tinyllama_b0_gate_mul_vector_subgraph_input0_sram>
     f10:	00803737          	lui	a4,0x803
     f14:	051d0693          	addi	a3,s10,81
     f18:	00f9a623          	sw	a5,12(s3)
     f1c:	8c870793          	addi	a5,a4,-1848 # 8028c8 <transformer_tinyllama_b0_gate_mul_vector_subgraph_input1_sram>
     f20:	02d9a423          	sw	a3,40(s3)
     f24:	0179a023          	sw	s7,0(s3)
     f28:	0199a223          	sw	s9,4(s3)
     f2c:	0189a423          	sw	s8,8(s3)
     f30:	0159a823          	sw	s5,16(s3)
     f34:	00f9aa23          	sw	a5,20(s3)
     f38:	0159ac23          	sw	s5,24(s3)
     f3c:	0169ae23          	sw	s6,28(s3)
     f40:	0359a023          	sw	s5,32(s3)
     f44:	0209a223          	sw	zero,36(s3)
     f48:	b04ff0ef          	jal	24c <run_job>
     f4c:	000016b7          	lui	a3,0x1
     f50:	99068693          	addi	a3,a3,-1648 # 990 <main+0x5a0>
     f54:	00dd66b3          	or	a3,s10,a3
     f58:	00800613          	li	a2,8
     f5c:	000a0593          	mv	a1,s4
     f60:	000b0513          	mv	a0,s6
     f64:	bacff0ef          	jal	310 <check_words>
     f68:	fa050063          	beqz	a0,708 <main+0x318>
     f6c:	001d0d13          	addi	s10,s10,1
     f70:	02000693          	li	a3,32
     f74:	020d8d93          	addi	s11,s11,32
     f78:	02090913          	addi	s2,s2,32
     f7c:	020a0a13          	addi	s4,s4,32
     f80:	f6dd10e3          	bne	s10,a3,ee0 <main+0xaf0>
     f84:	00001db7          	lui	s11,0x1
     f88:	f6c40d13          	addi	s10,s0,-148
     f8c:	36c40a93          	addi	s5,s0,876
     f90:	90848b93          	addi	s7,s1,-1784
     f94:	92848b13          	addi	s6,s1,-1752
     f98:	76c40413          	addi	s0,s0,1900
     f9c:	00000913          	li	s2,0
     fa0:	00800a13          	li	s4,8
     fa4:	00700c93          	li	s9,7
     fa8:	01000c13          	li	s8,16
     fac:	94848493          	addi	s1,s1,-1720
     fb0:	980d8d93          	addi	s11,s11,-1664 # 980 <main+0x590>
     fb4:	00800613          	li	a2,8
     fb8:	000d0593          	mv	a1,s10
     fbc:	000b8513          	mv	a0,s7
     fc0:	a2cff0ef          	jal	1ec <dma_copy_words>
     fc4:	00800613          	li	a2,8
     fc8:	000a8593          	mv	a1,s5
     fcc:	000b0513          	mv	a0,s6
     fd0:	a1cff0ef          	jal	1ec <dma_copy_words>
     fd4:	008007b7          	lui	a5,0x800
     fd8:	07190713          	addi	a4,s2,113
     fdc:	65878793          	addi	a5,a5,1624 # 800658 <vector_tile_vadd_program_sram>
     fe0:	0199a023          	sw	s9,0(s3)
     fe4:	02e9a423          	sw	a4,40(s3)
     fe8:	00f9a223          	sw	a5,4(s3)
     fec:	0189a423          	sw	s8,8(s3)
     ff0:	0179a623          	sw	s7,12(s3)
     ff4:	0149a823          	sw	s4,16(s3)
     ff8:	0169aa23          	sw	s6,20(s3)
     ffc:	0149ac23          	sw	s4,24(s3)
    1000:	0099ae23          	sw	s1,28(s3)
    1004:	0349a023          	sw	s4,32(s3)
    1008:	0209a223          	sw	zero,36(s3)
    100c:	a40ff0ef          	jal	24c <run_job>
    1010:	01b966b3          	or	a3,s2,s11
    1014:	00800613          	li	a2,8
    1018:	00040593          	mv	a1,s0
    101c:	00048513          	mv	a0,s1
    1020:	af0ff0ef          	jal	310 <check_words>
    1024:	ee050263          	beqz	a0,708 <main+0x318>
    1028:	00190913          	addi	s2,s2,1
    102c:	02000713          	li	a4,32
    1030:	020d0d13          	addi	s10,s10,32
    1034:	020a8a93          	addi	s5,s5,32
    1038:	02040413          	addi	s0,s0,32
    103c:	f6e91ce3          	bne	s2,a4,fb4 <main+0xbc4>
    1040:	9d8ff0ef          	jal	218 <test_status_pass>
    1044:	00000513          	li	a0,0
    1048:	ec4ff06f          	j	70c <main+0x31c>
    104c:	000016b7          	lui	a3,0x1
    1050:	016d1c63          	bne	s10,s6,1068 <main+0xc78>
    1054:	e8068693          	addi	a3,a3,-384 # e80 <main+0xa90>
    1058:	04000613          	li	a2,64
    105c:	32c90593          	addi	a1,s2,812
    1060:	44040513          	addi	a0,s0,1088
    1064:	899ff06f          	j	8fc <main+0x50c>
    1068:	f0068693          	addi	a3,a3,-256
    106c:	04000613          	li	a2,64
    1070:	42c90593          	addi	a1,s2,1068
    1074:	74040513          	addi	a0,s0,1856
    1078:	885ff06f          	j	8fc <main+0x50c>
    107c:	000e8593          	mv	a1,t4
    1080:	000e0513          	mv	a0,t3
    1084:	04000613          	li	a2,64
    1088:	00d12e23          	sw	a3,28(sp)
    108c:	01e12c23          	sw	t5,24(sp)
    1090:	01d12a23          	sw	t4,20(sp)
    1094:	01c12823          	sw	t3,16(sp)
    1098:	954ff0ef          	jal	1ec <dma_copy_words>
    109c:	00c12583          	lw	a1,12(sp)
    10a0:	00812503          	lw	a0,8(sp)
    10a4:	04000613          	li	a2,64
    10a8:	944ff0ef          	jal	1ec <dma_copy_words>
    10ac:	00812783          	lw	a5,8(sp)
    10b0:	01c12683          	lw	a3,28(sp)
    10b4:	01012e03          	lw	t3,16(sp)
    10b8:	10078793          	addi	a5,a5,256
    10bc:	00f12423          	sw	a5,8(sp)
    10c0:	00c12783          	lw	a5,12(sp)
    10c4:	01412e83          	lw	t4,20(sp)
    10c8:	01812f03          	lw	t5,24(sp)
    10cc:	10078793          	addi	a5,a5,256
    10d0:	00168693          	addi	a3,a3,1
    10d4:	100e0e13          	addi	t3,t3,256
    10d8:	100e8e93          	addi	t4,t4,256
    10dc:	00f12623          	sw	a5,12(sp)
    10e0:	9fdff06f          	j	adc <main+0x6ec>

000010e4 <matmul_a>:
    10e4:	00000001 00000000 000000ff 00000002     ................
    10f4:	00000001 00000000 000000fe 00000001     ................
    1104:	00000000 00000001 00000002 000000ff     ................
    1114:	00000000 00000001 00000001 000000fe     ................
    1124:	00000002 000000ff 00000000 00000001     ................
    1134:	000000fe 00000001 00000000 00000001     ................
    1144:	00000001 00000001 00000001 00000001     ................
	...
    115c:	000000ff 000000ff 000000ff 00000002     ................
    116c:	00000001 00000000 00000001 000000fe     ................
    117c:	00000001 00000000 00000000 000000fe     ................
    118c:	00000001 00000002 000000ff 00000001     ................
    119c:	00000000 00000001 00000001 00000000     ................
    11ac:	00000001 000000ff 00000002 000000fe     ................
    11bc:	00000001 00000000 000000fe 00000001     ................
    11cc:	00000000 00000001 00000001 00000000     ................
    11dc:	00000002 000000ff                       ........

000011e4 <matmul_b>:
    11e4:	00000001 000000ff 00000000 00000002     ................
    11f4:	00000001 00000000 000000fe 00000001     ................
    1204:	00000000 00000002 000000ff 00000001     ................
    1214:	00000000 00000001 00000001 000000fe     ................
    1224:	00000002 00000000 00000001 000000ff     ................
    1234:	000000fe 00000001 00000000 00000001     ................
    1244:	00000001 00000001 00000000 00000001     ................
    1254:	00000002 000000ff 00000000 000000ff     ................
    1264:	000000ff 00000002 00000001 00000000     ................
    1274:	00000001 000000fe 00000001 00000000     ................
    1284:	00000000 000000fe 00000001 00000002     ................
    1294:	000000ff 00000001 00000000 00000001     ................
    12a4:	00000001 00000000 00000001 000000ff     ................
    12b4:	00000002 000000fe 00000001 00000000     ................
    12c4:	000000fe 00000001 00000000 00000001     ................
    12d4:	00000001 00000000 00000002 000000ff     ................

000012e4 <matmul_program>:
    12e4:	10000000 11100000 30000000 22200000     ...........0.. "
    12f4:	f0000000 f0000000 f0000000 f0000000     ................
    1304:	f0000000 f0000000 f0000000 f0000000     ................
    1314:	f0000000 f0000000 f0000000 f0000000     ................

00001324 <matmul_expected_c>:
    1324:	fffffffc 00000004 fffffffe 00000008     ................
    1334:	00000005 ffffffff ffffffff fffffffd     ................
    1344:	00000008 fffffffd 00000003 fffffffd     ................
    1354:	fffffff9 00000003 fffffffe 00000004     ................
    1364:	00000003 fffffff8 00000000 00000007     ................
    1374:	00000002 00000003 fffffffb 00000003     ................
    1384:	00000005 00000001 ffffffff 00000003     ................
    1394:	fffffffe 00000003 fffffffc 00000000     ................
    13a4:	00000001 0000000b ffffffff fffffffa     ................
    13b4:	00000002 fffffffd 00000006 fffffffa     ................
    13c4:	00000003 fffffffb 00000003 00000002     ................
    13d4:	00000001 00000000 ffffffff 00000003     ................
    13e4:	00000001 00000006 00000002 fffffffb     ................
    13f4:	00000003 fffffffa 00000001 00000001     ................
    1404:	00000002 00000006 00000002 fffffffb     ................
    1414:	00000004 fffffffa 00000006 fffffffc     ................

00001424 <attention_scale_mask_program>:
    1424:	90000000 91000000 92000000 93000000     ................
    1434:	94000000 95000000 96000000 97000000     ................
    1444:	f0000000 f0000000 f0000000 f0000000     ................
    1454:	f0000000 f0000000 f0000000 f0000000     ................

00001464 <attention_softmax_program>:
    1464:	40000000 50000000 a0000000 60000000     ...@...P.......`
    1474:	60100000 60200000 60300000 60400000     ...`.. `..0`..@`
    1484:	60500000 60600000 60700000 70000000     ..P`..``..p`...p
    1494:	80000000 b0000000 41000000 51000000     ...........A...Q
    14a4:	a1000000 61000000 61100000 61200000     .......a...a.. a
    14b4:	61300000 61400000 61500000 61600000     ..0a..@a..Pa..`a
    14c4:	61700000 71000000 81000000 b1000000     ..pa...q........
    14d4:	42000000 52000000 a2000000 62000000     ...B...R.......b
    14e4:	62100000 62200000 62300000 62400000     ...b.. b..0b..@b
    14f4:	62500000 62600000 62700000 72000000     ..Pb..`b..pb...r
    1504:	82000000 b2000000 43000000 53000000     ...........C...S
    1514:	a3000000 63000000 63100000 63200000     .......c...c.. c
    1524:	63300000 63400000 63500000 63600000     ..0c..@c..Pc..`c
    1534:	63700000 73000000 83000000 b3000000     ..pc...s........
    1544:	44000000 54000000 a4000000 64000000     ...D...T.......d
    1554:	64100000 64200000 64300000 64400000     ...d.. d..0d..@d
    1564:	64500000 64600000 64700000 74000000     ..Pd..`d..pd...t
    1574:	84000000 b4000000 45000000 55000000     ...........E...U
    1584:	a5000000 65000000 65100000 65200000     .......e...e.. e
    1594:	65300000 65400000 65500000 65600000     ..0e..@e..Pe..`e
    15a4:	65700000 75000000 85000000 b5000000     ..pe...u........
    15b4:	46000000 56000000 a6000000 66000000     ...F...V.......f
    15c4:	66100000 66200000 66300000 66400000     ...f.. f..0f..@f
    15d4:	66500000 66600000 66700000 76000000     ..Pf..`f..pf...v
    15e4:	86000000 b6000000 47000000 57000000     ...........G...W
    15f4:	a7000000 67000000 67100000 67200000     .......g...g.. g
    1604:	67300000 67400000 67500000 67600000     ..0g..@g..Pg..`g
    1614:	67700000 77000000 87000000 b7000000     ..pg...w........
    1624:	f0000000                                ....

00001628 <vector_tile_vadd_program>:
    1628:	c0000000 f0000000 f0000000 f0000000     ................
    1638:	f0000000 f0000000 f0000000 f0000000     ................
    1648:	f0000000 f0000000 f0000000 f0000000     ................
    1658:	f0000000 f0000000 f0000000 f0000000     ................

00001668 <vector_tile_rmsnorm_src0_program>:
    1668:	70100000 70200000 80100000 b0100000     ...p.. p........
    1678:	f0000000 f0000000 f0000000 f0000000     ................
    1688:	f0000000 f0000000 f0000000 f0000000     ................
    1698:	f0000000 f0000000 f0000000 f0000000     ................

000016a8 <vector_tile_rmsnorm_src1_program>:
    16a8:	70100000 70200000 80100000 b0200000     ...p.. p...... .
    16b8:	f0000000 f0000000 f0000000 f0000000     ................
    16c8:	f0000000 f0000000 f0000000 f0000000     ................
    16d8:	f0000000 f0000000 f0000000 f0000000     ................

000016e8 <vector_tile_gate_mul_program>:
    16e8:	d0000000 e0100000 f0000000 f0000000     ................
    16f8:	f0000000 f0000000 f0000000 f0000000     ................
    1708:	f0000000 f0000000 f0000000 f0000000     ................
    1718:	f0000000 f0000000 f0000000 f0000000     ................

00001728 <vector_tile_vadd_lhs>:
    1728:	000003e8 000003e9 000003ea 000003eb     ................
    1738:	000003ec 000003ed 000003ee 000003ef     ................

00001748 <vector_tile_vadd_rhs>:
    1748:	ffffffef ffffffee ffffffed ffffffec     ................
    1758:	ffffffeb ffffffea ffffffe9 ffffffe8     ................

00001768 <vector_tile_vadd_expected>:
    1768:	000003d7 000003d7 000003d7 000003d7     ................
    1778:	000003d7 000003d7 000003d7 000003d7     ................

00001788 <digits_tile_n_offsets>:
	...
    17a8:	00000008 00000008 00000008 00000008     ................
    17b8:	00000008 00000008 00000008 00000008     ................

000017c8 <digits_expected_logits>:
    17c8:	00000068 0000001c 000000c8 00000074     h...........t...
    17d8:	00000010 00000044 00000028 00000078     ....D...(...x...
    17e8:	0000005c 00000068 00000000 00000000     \...h...........
	...

000019c8 <transformer_prefill_gemm_tiny_a>:
    19c8:	00000001 000000fe 000000fb 000000f8     ................
    19d8:	00000006 00000003 00000000 000000fd     ................
    19e8:	00000001 000000fe 000000fb 000000f8     ................
    19f8:	00000006 00000003 00000000 000000fd     ................
    1a08:	00000001 000000fe 000000fb 000000f8     ................
    1a18:	00000006 00000003 00000000 000000fd     ................
    1a28:	00000001 000000fe 000000fb 000000f8     ................
    1a38:	00000006 00000003 00000000 000000fd     ................
    1a48:	00000001 000000fe 000000fb 000000f8     ................
    1a58:	00000006 00000003 00000000 000000fd     ................
    1a68:	00000001 000000fe 000000fb 000000f8     ................
    1a78:	00000006 00000003 00000000 000000fd     ................
    1a88:	00000001 000000fe 000000fb 000000f8     ................
    1a98:	00000006 00000003 00000000 000000fd     ................
    1aa8:	00000001 000000fe 000000fb 000000f8     ................
    1ab8:	00000006 00000003 00000000 000000fd     ................
    1ac8:	000000fa 00000008 00000005 00000002     ................
    1ad8:	000000ff 000000fc 000000f9 00000007     ................
    1ae8:	000000fa 00000008 00000005 00000002     ................
    1af8:	000000ff 000000fc 000000f9 00000007     ................
    1b08:	000000fa 00000008 00000005 00000002     ................
    1b18:	000000ff 000000fc 000000f9 00000007     ................
    1b28:	000000fa 00000008 00000005 00000002     ................
    1b38:	000000ff 000000fc 000000f9 00000007     ................
    1b48:	000000fa 00000008 00000005 00000002     ................
    1b58:	000000ff 000000fc 000000f9 00000007     ................
    1b68:	000000fa 00000008 00000005 00000002     ................
    1b78:	000000ff 000000fc 000000f9 00000007     ................
    1b88:	000000fa 00000008 00000005 00000002     ................
    1b98:	000000ff 000000fc 000000f9 00000007     ................
    1ba8:	000000fa 00000008 00000005 00000002     ................
    1bb8:	000000ff 000000fc 000000f9 00000007     ................

00001bc8 <transformer_prefill_gemm_tiny_b>:
    1bc8:	00000001 000000fe 000000fb 000000f8     ................
    1bd8:	00000006 00000003 00000000 000000fd     ................
    1be8:	00000001 000000fe 000000fb 000000f8     ................
    1bf8:	00000006 00000003 00000000 000000fd     ................
    1c08:	00000001 000000fe 000000fb 000000f8     ................
    1c18:	00000006 00000003 00000000 000000fd     ................
    1c28:	00000001 000000fe 000000fb 000000f8     ................
    1c38:	00000006 00000003 00000000 000000fd     ................
    1c48:	00000001 000000fe 000000fb 000000f8     ................
    1c58:	00000006 00000003 00000000 000000fd     ................
    1c68:	00000001 000000fe 000000fb 000000f8     ................
    1c78:	00000006 00000003 00000000 000000fd     ................
    1c88:	00000001 000000fe 000000fb 000000f8     ................
    1c98:	00000006 00000003 00000000 000000fd     ................
    1ca8:	00000001 000000fe 000000fb 000000f8     ................
    1cb8:	00000006 00000003 00000000 000000fd     ................
    1cc8:	00000001 000000fe 000000fb 000000f8     ................
    1cd8:	00000006 00000003 00000000 000000fd     ................
    1ce8:	00000001 000000fe 000000fb 000000f8     ................
    1cf8:	00000006 00000003 00000000 000000fd     ................
    1d08:	00000001 000000fe 000000fb 000000f8     ................
    1d18:	00000006 00000003 00000000 000000fd     ................
    1d28:	00000001 000000fe 000000fb 000000f8     ................
    1d38:	00000006 00000003 00000000 000000fd     ................
    1d48:	00000001 000000fe 000000fb 000000f8     ................
    1d58:	00000006 00000003 00000000 000000fd     ................
    1d68:	00000001 000000fe 000000fb 000000f8     ................
    1d78:	00000006 00000003 00000000 000000fd     ................
    1d88:	00000001 000000fe 000000fb 000000f8     ................
    1d98:	00000006 00000003 00000000 000000fd     ................
    1da8:	00000001 000000fe 000000fb 000000f8     ................
    1db8:	00000006 00000003 00000000 000000fd     ................

00001dc8 <transformer_prefill_gemm_tiny_expected_c>:
    1dc8:	fffffffc 00000008 00000014 00000020     ............ ...
    1dd8:	ffffffe8 fffffff4 00000000 0000000c     ................
    1de8:	fffffffc 00000008 00000014 00000020     ............ ...
    1df8:	ffffffe8 fffffff4 00000000 0000000c     ................
    1e08:	fffffffc 00000008 00000014 00000020     ............ ...
    1e18:	ffffffe8 fffffff4 00000000 0000000c     ................
    1e28:	fffffffc 00000008 00000014 00000020     ............ ...
    1e38:	ffffffe8 fffffff4 00000000 0000000c     ................
    1e48:	fffffffc 00000008 00000014 00000020     ............ ...
    1e58:	ffffffe8 fffffff4 00000000 0000000c     ................
    1e68:	fffffffc 00000008 00000014 00000020     ............ ...
    1e78:	ffffffe8 fffffff4 00000000 0000000c     ................
    1e88:	fffffffc 00000008 00000014 00000020     ............ ...
    1e98:	ffffffe8 fffffff4 00000000 0000000c     ................
    1ea8:	fffffffc 00000008 00000014 00000020     ............ ...
    1eb8:	ffffffe8 fffffff4 00000000 0000000c     ................

00001ec8 <attention_prefill_s8_d8_runtime_jobs>:
    1ec8:	00000001 00000003 00000014 00000001     ................
    1ed8:	00000002 00000006 00000015 00000001     ................
    1ee8:	00000003 00000004 00000016 00000002     ................
    1ef8:	00000004 00000005 00000017 00000001     ................

00001f08 <transformer_attention_qk_s8_d8_a>:
    1f08:	000000f9 00000007 00000004 00000001     ................
    1f18:	000000fe 000000fb 000000f8 00000006     ................
    1f28:	000000f9 00000007 00000004 00000001     ................
    1f38:	000000fe 000000fb 000000f8 00000006     ................
    1f48:	000000f9 00000007 00000004 00000001     ................
    1f58:	000000fe 000000fb 000000f8 00000006     ................
    1f68:	000000f9 00000007 00000004 00000001     ................
    1f78:	000000fe 000000fb 000000f8 00000006     ................
    1f88:	000000f9 00000007 00000004 00000001     ................
    1f98:	000000fe 000000fb 000000f8 00000006     ................
    1fa8:	000000f9 00000007 00000004 00000001     ................
    1fb8:	000000fe 000000fb 000000f8 00000006     ................
    1fc8:	000000f9 00000007 00000004 00000001     ................
    1fd8:	000000fe 000000fb 000000f8 00000006     ................
    1fe8:	000000f9 00000007 00000004 00000001     ................
    1ff8:	000000fe 000000fb 000000f8 00000006     ................

00002008 <transformer_attention_qk_s8_d8_b>:
    2008:	000000f9 000000f9 000000f9 000000f9     ................
    2018:	000000f9 000000f9 000000f9 000000f9     ................
    2028:	00000007 00000007 00000007 00000007     ................
    2038:	00000007 00000007 00000007 00000007     ................
    2048:	00000004 00000004 00000004 00000004     ................
    2058:	00000004 00000004 00000004 00000004     ................
    2068:	00000001 00000001 00000001 00000001     ................
    2078:	00000001 00000001 00000001 00000001     ................
    2088:	000000fe 000000fe 000000fe 000000fe     ................
    2098:	000000fe 000000fe 000000fe 000000fe     ................
    20a8:	000000fb 000000fb 000000fb 000000fb     ................
    20b8:	000000fb 000000fb 000000fb 000000fb     ................
    20c8:	000000f8 000000f8 000000f8 000000f8     ................
    20d8:	000000f8 000000f8 000000f8 000000f8     ................
    20e8:	00000006 00000006 00000006 00000006     ................
    20f8:	00000006 00000006 00000006 00000006     ................

00002108 <transformer_attention_scale_mask_s8_d8_row_mask_words>:
    2108:	0f070301 ff7f3f1f                       .....?..

00002110 <transformer_attention_pv_s8_d8_b>:
    2110:	00000007 00000004 00000001 000000fe     ................
    2120:	000000fb 000000f8 00000006 00000003     ................
    2130:	00000007 00000004 00000001 000000fe     ................
    2140:	000000fb 000000f8 00000006 00000003     ................
    2150:	00000007 00000004 00000001 000000fe     ................
    2160:	000000fb 000000f8 00000006 00000003     ................
    2170:	00000007 00000004 00000001 000000fe     ................
    2180:	000000fb 000000f8 00000006 00000003     ................
    2190:	00000007 00000004 00000001 000000fe     ................
    21a0:	000000fb 000000f8 00000006 00000003     ................
    21b0:	00000007 00000004 00000001 000000fe     ................
    21c0:	000000fb 000000f8 00000006 00000003     ................
    21d0:	00000007 00000004 00000001 000000fe     ................
    21e0:	000000fb 000000f8 00000006 00000003     ................
    21f0:	00000007 00000004 00000001 000000fe     ................
    2200:	000000fb 000000f8 00000006 00000003     ................

00002210 <transformer_attention_qk_s8_d8_expected_c>:
    2210:	000000f4 000000f4 000000f4 000000f4     ................
    2220:	000000f4 000000f4 000000f4 000000f4     ................
    2230:	000000f4 000000f4 000000f4 000000f4     ................
    2240:	000000f4 000000f4 000000f4 000000f4     ................
    2250:	000000f4 000000f4 000000f4 000000f4     ................
    2260:	000000f4 000000f4 000000f4 000000f4     ................
    2270:	000000f4 000000f4 000000f4 000000f4     ................
    2280:	000000f4 000000f4 000000f4 000000f4     ................
    2290:	000000f4 000000f4 000000f4 000000f4     ................
    22a0:	000000f4 000000f4 000000f4 000000f4     ................
    22b0:	000000f4 000000f4 000000f4 000000f4     ................
    22c0:	000000f4 000000f4 000000f4 000000f4     ................
    22d0:	000000f4 000000f4 000000f4 000000f4     ................
    22e0:	000000f4 000000f4 000000f4 000000f4     ................
    22f0:	000000f4 000000f4 000000f4 000000f4     ................
    2300:	000000f4 000000f4 000000f4 000000f4     ................

00002310 <transformer_attention_softmax_s8_expected_y>:
    2310:	00007fff 00000000 00000000 00000000     ................
	...
    2330:	00003fff 00003fff 00000000 00000000     .?...?..........
	...
    2350:	00002a7f 00002a7f 00002a7f 00000000     .*...*...*......
	...
    2370:	00001fff 00001fff 00001fff 00001fff     ................
	...
    2390:	0000197f 0000197f 0000197f 0000197f     ................
    23a0:	0000197f 00000000 00000000 00000000     ................
    23b0:	0000153f 0000153f 0000153f 0000153f     ?...?...?...?...
    23c0:	0000153f 0000153f 00000000 00000000     ?...?...........
    23d0:	0000123f 0000123f 0000123f 0000123f     ?...?...?...?...
    23e0:	0000123f 0000123f 0000123f 00000000     ?...?...?.......
    23f0:	00000fff 00000fff 00000fff 00000fff     ................
    2400:	00000fff 00000fff 00000fff 00000fff     ................

00002410 <transformer_attention_scale_mask_s8_d8_expected_scores>:
    2410:	00000056 80000000 80000000 80000000     V...............
    2420:	80000000 80000000 80000000 80000000     ................
    2430:	00000056 00000056 80000000 80000000     V...V...........
    2440:	80000000 80000000 80000000 80000000     ................
    2450:	00000056 00000056 00000056 80000000     V...V...V.......
    2460:	80000000 80000000 80000000 80000000     ................
    2470:	00000056 00000056 00000056 00000056     V...V...V...V...
    2480:	80000000 80000000 80000000 80000000     ................
    2490:	00000056 00000056 00000056 00000056     V...V...V...V...
    24a0:	00000056 80000000 80000000 80000000     V...............
    24b0:	00000056 00000056 00000056 00000056     V...V...V...V...
    24c0:	00000056 00000056 80000000 80000000     V...V...........
    24d0:	00000056 00000056 00000056 00000056     V...V...V...V...
    24e0:	00000056 00000056 00000056 80000000     V...V...V.......
    24f0:	00000056 00000056 00000056 00000056     V...V...V...V...
    2500:	00000056 00000056 00000056 00000056     V...V...V...V...

00002510 <transformer_attention_pv_s8_d8_expected_c>:
    2510:	00000006 00000003 00000000 fffffffe     ................
    2520:	fffffffb fffffff8 00000005 00000002     ................
    2530:	00000006 00000003 00000000 fffffffe     ................
    2540:	fffffffb fffffff8 00000005 00000002     ................
    2550:	00000006 00000003 00000000 fffffffe     ................
    2560:	fffffffb fffffff8 00000005 00000002     ................
    2570:	00000006 00000003 00000000 fffffffe     ................
    2580:	fffffffb fffffff8 00000005 00000002     ................
    2590:	00000006 00000003 00000000 fffffffe     ................
    25a0:	fffffffb fffffff8 00000005 00000002     ................
    25b0:	00000006 00000003 00000000 fffffffe     ................
    25c0:	fffffffb fffffff8 00000005 00000002     ................
    25d0:	00000006 00000003 00000000 fffffffe     ................
    25e0:	fffffffb fffffff8 00000005 00000002     ................
    25f0:	00000006 00000003 00000000 fffffffe     ................
    2600:	fffffffb fffffff8 00000005 00000002     ................

00002610 <transformer_tinyllama_b0_matrix_subgraph_k_chunks>:
    2610:	00000002 00000002 00000002 00000002     ................
    2620:	00000002 00000002 00000002 00000002     ................
    2630:	00000002 00000002 00000002 00000002     ................
    2640:	00000002 00000002 00000004 00000004     ................

00002650 <transformer_tinyllama_b0_attention_subgraph_qk_a>:
    2650:	00000001 00000001 000000fe 000000ff     ................
	...
    2668:	00000001 000000fe 000000ff 00000001     ................
    2678:	000000fe 000000fe 00000000 00000000     ................
    2688:	00000001 000000fe 000000fe 00000000     ................
    2698:	000000fe 000000fe 00000000 00000000     ................
    26a8:	00000001 000000fe 000000fe 000000ff     ................
    26b8:	000000ff 000000fd 00000000 00000000     ................
    26c8:	00000001 000000fe 00000000 000000fe     ................
    26d8:	000000ff 000000fd 00000000 00000000     ................
    26e8:	00000001 000000fe 00000001 000000ff     ................
    26f8:	00000000 000000fd 00000000 00000000     ................
    2708:	00000001 000000fe 00000001 00000000     ................
    2718:	00000000 000000fd 00000000 00000000     ................
    2728:	00000001 000000fe 00000000 00000001     ................
    2738:	00000001 000000fe 00000000 00000000     ................
    2748:	00000001 000000fe 000000fe 000000ff     ................
	...
    2760:	00000001 000000fe 000000ff 000000ff     ................
    2770:	000000ff 000000fd 00000000 00000000     ................
    2780:	00000001 000000fe 000000ff 000000fe     ................
    2790:	00000001 000000fe 00000000 00000000     ................
    27a0:	00000001 000000fe 000000ff 000000fe     ................
    27b0:	00000002 00000000 00000000 00000000     ................
    27c0:	00000001 000000fe 000000ff 000000fe     ................
    27d0:	00000000 00000002 00000000 00000000     ................
    27e0:	00000001 000000fe 000000ff 000000fe     ................
    27f0:	000000fe 00000001 00000000 00000000     ................
    2800:	00000001 000000fe 000000ff 000000fe     ................
    2810:	000000fd 000000ff 00000000 00000000     ................
    2820:	00000001 000000fe 000000ff 000000fe     ................
    2830:	000000ff 000000fd 00000000 00000000     ................
    2840:	00000001 000000fe 000000ff 000000fe     ................

00002850 <transformer_tinyllama_b0_attention_subgraph_qk_b>:
    2850:	000000fe 00000000 00000002 00000002     ................
    2860:	000000ff 000000fd 000000fd 000000ff     ................
    2870:	000000fe 000000fd 000000ff 00000001     ................
    2880:	00000002 00000001 000000fe 000000fd     ................
    2890:	000000ff 000000ff 000000ff 000000ff     ................
    28a0:	000000ff 000000ff 000000ff 00000000     ................
    28b0:	00000000 000000ff 000000ff 000000ff     ................
    28c0:	000000ff 000000ff 000000ff 000000ff     ................
    28d0:	00000000 000000ff 000000ff 000000ff     ................
    28e0:	000000ff 000000ff 000000ff 000000ff     ................
    28f0:	00000001 00000000 00000000 00000000     ................
	...
    2910:	000000fe 000000fe 000000fe 000000fe     ................
    2920:	000000fe 000000fe 000000fe 000000fe     ................
    2930:	000000ff 000000fe 000000fe 000000fe     ................
    2940:	000000fe 000000fe 000000fe 000000fe     ................
    2950:	000000fe 00000000 00000002 00000002     ................
    2960:	000000ff 000000fd 000000fd 000000ff     ................
    2970:	000000fe 000000fd 000000ff 00000001     ................
    2980:	00000002 00000001 000000fe 000000fd     ................
    2990:	000000ff 000000ff 000000ff 000000ff     ................
    29a0:	000000ff 000000ff 000000ff 00000000     ................
    29b0:	00000000 000000ff 000000ff 000000ff     ................
    29c0:	000000ff 000000ff 000000ff 000000ff     ................
    29d0:	00000000 000000ff 000000ff 000000ff     ................
    29e0:	000000ff 000000ff 000000ff 000000ff     ................
    29f0:	00000001 00000000 00000000 00000000     ................
	...
    2a10:	000000fe 000000fe 000000fe 000000fe     ................
    2a20:	000000fe 000000fe 000000fe 000000fe     ................
    2a30:	000000ff 000000fe 000000fe 000000fe     ................
    2a40:	000000fe 000000fe 000000fe 000000fe     ................

00002a50 <transformer_tinyllama_b0_attention_subgraph_qk_expected>:
    2a50:	fffffffe 00000002 00000006 00000008     ................
    2a60:	00000006 00000003 00000000 ffffffff     ................
    2a70:	00000002 00000003 00000003 00000005     ................
    2a80:	00000009 0000000a 00000007 00000002     ................
    2a90:	00000006 00000006 00000002 00000002     ................
    2aa0:	00000008 0000000c 0000000c 00000006     ................
    2ab0:	00000007 00000009 00000003 00000001     ................
    2ac0:	00000006 0000000b 0000000e 0000000a     ................
    2ad0:	00000005 0000000c 00000008 00000004     ................
    2ae0:	00000002 00000004 0000000a 0000000b     ................
    2af0:	00000000 00000008 00000008 00000006     ................
    2b00:	00000002 00000001 00000004 00000007     ................
    2b10:	fffffffe 00000005 00000007 00000007     ................
    2b20:	00000004 00000002 00000002 00000004     ................
    2b30:	fffffffd 00000000 00000002 00000004     ................
    2b40:	00000005 00000004 00000001 00000001     ................
    2b50:	00000007 00000006 00000000 fffffffe     ................
    2b60:	00000003 00000008 0000000b 00000008     ................
    2b70:	0000000a 0000000e 00000006 00000000     ................
    2b80:	00000000 00000005 0000000e 0000000f     ................
    2b90:	00000004 0000000b 00000009 00000005     ................
	...
    2ba8:	00000006 0000000a fffffffe 00000005     ................
    2bb8:	00000009 00000009 00000003 ffffffff     ................
    2bc8:	ffffffff 00000003 fffffffe ffffffff     ................
    2bd8:	00000003 00000007 00000009 00000007     ................
    2be8:	00000001 ffffffff 00000004 00000002     ................
    2bf8:	00000000 00000002 00000009 0000000c     ................
    2c08:	00000009 00000004 0000000a 00000008     ................
    2c18:	00000000 fffffffe 00000006 0000000d     ................
    2c28:	00000010 0000000b 0000000a 0000000e     ................
    2c38:	00000006 00000000 00000000 00000005     ................
    2c48:	0000000e 0000000f                       ........

00002c50 <transformer_tinyllama_b0_attention_subgraph_scale_expected>:
    2c50:	ffffffff 80000000 80000000 80000000     ................
    2c60:	80000000 80000000 80000000 80000000     ................
    2c70:	00000001 00000001 80000000 80000000     ................
    2c80:	80000000 80000000 80000000 80000000     ................
    2c90:	00000002 00000002 00000001 80000000     ................
    2ca0:	80000000 80000000 80000000 80000000     ................
    2cb0:	00000002 00000003 00000001 00000000     ................
    2cc0:	80000000 80000000 80000000 80000000     ................
    2cd0:	00000002 00000004 00000003 00000001     ................
    2ce0:	00000001 80000000 80000000 80000000     ................
    2cf0:	00000000 00000003 00000003 00000002     ................
    2d00:	00000001 00000000 80000000 80000000     ................
    2d10:	ffffffff 00000002 00000002 00000002     ................
    2d20:	00000001 00000001 00000001 80000000     ................
    2d30:	ffffffff 00000000 00000001 00000001     ................
    2d40:	00000002 00000001 00000000 00000000     ................
    2d50:	00000002 80000000 80000000 80000000     ................
    2d60:	80000000 80000000 80000000 80000000     ................
    2d70:	00000004 00000005 80000000 80000000     ................
    2d80:	80000000 80000000 80000000 80000000     ................
    2d90:	00000001 00000004 00000003 80000000     ................
    2da0:	80000000 80000000 80000000 80000000     ................
    2db0:	ffffffff 00000002 00000003 00000003     ................
    2dc0:	80000000 80000000 80000000 80000000     ................
    2dd0:	ffffffff 00000000 00000001 00000002     ................
    2de0:	00000003 80000000 80000000 80000000     ................
    2df0:	00000001 00000001 00000000 00000001     ................
    2e00:	00000003 00000004 80000000 80000000     ................
    2e10:	00000004 00000003 00000000 ffffffff     ................
    2e20:	00000002 00000005 00000006 80000000     ................
    2e30:	00000004 00000005 00000002 00000000     ................
    2e40:	00000000 00000002 00000005 00000005     ................

00002e50 <transformer_tinyllama_b0_attention_subgraph_softmax_expected>:
    2e50:	00007fff 00000000 00000000 00000000     ................
	...
    2e70:	00003fff 00003fff 00000000 00000000     .?...?..........
	...
    2e90:	00002a7f 00002a7f 00002a7f 00000000     .*...*...*......
	...
    2eb0:	00001fff 00001fff 00001fff 00001fff     ................
	...
    2ed0:	0000197f 0000197f 0000197f 0000197f     ................
    2ee0:	0000197f 00000000 00000000 00000000     ................
    2ef0:	0000153f 0000153f 0000153f 0000153f     ?...?...?...?...
    2f00:	0000153f 0000153f 00000000 00000000     ?...?...........
    2f10:	0000123f 0000123f 0000123f 0000123f     ?...?...?...?...
    2f20:	0000123f 0000123f 0000123f 00000000     ?...?...?.......
    2f30:	00000fff 00000fff 00000fff 00000fff     ................
    2f40:	00000fff 00000fff 00000fff 00000fff     ................
    2f50:	00007fff 00000000 00000000 00000000     ................
	...
    2f70:	00003fff 00003fff 00000000 00000000     .?...?..........
	...
    2f90:	00002a7f 00002a7f 00002a7f 00000000     .*...*...*......
	...
    2fb0:	00001fff 00001fff 00001fff 00001fff     ................
	...
    2fd0:	0000197f 0000197f 0000197f 0000197f     ................
    2fe0:	0000197f 00000000 00000000 00000000     ................
    2ff0:	0000153f 0000153f 0000153f 0000153f     ?...?...?...?...
    3000:	0000153f 0000153f 00000000 00000000     ?...?...........
    3010:	0000123f 0000123f 0000123f 0000123f     ?...?...?...?...
    3020:	0000123f 0000123f 0000123f 00000000     ?...?...?.......
    3030:	00000fff 00000fff 00000fff 00000fff     ................
    3040:	00000fff 00000fff 00000fff 00000fff     ................

00003050 <transformer_tinyllama_b0_attention_subgraph_pv_b>:
    3050:	000000ff 000000ff 00000000 00000001     ................
    3060:	00000001 000000fe 000000ff 00000000     ................
    3070:	000000ff 000000ff 00000000 00000001     ................
    3080:	00000001 000000fe 000000ff 00000000     ................
    3090:	000000ff 000000ff 00000000 00000001     ................
    30a0:	00000001 000000fe 000000ff 00000000     ................
    30b0:	000000ff 000000ff 00000000 00000001     ................
    30c0:	00000001 000000fe 000000ff 00000000     ................
    30d0:	000000ff 000000ff 00000000 00000001     ................
    30e0:	00000001 000000fe 000000ff 00000000     ................
    30f0:	000000ff 000000ff 00000000 00000001     ................
    3100:	00000001 000000fe 000000ff 00000000     ................
    3110:	000000ff 000000ff 00000000 00000001     ................
    3120:	00000001 000000fe 000000ff 00000000     ................
    3130:	000000ff 000000ff 00000000 00000001     ................
    3140:	00000001 000000fe 000000ff 00000000     ................
    3150:	000000ff 000000ff 00000000 00000001     ................
    3160:	00000001 000000fe 000000ff 00000000     ................
    3170:	000000ff 000000ff 00000000 00000001     ................
    3180:	00000001 000000fe 000000ff 00000000     ................
    3190:	000000ff 000000ff 00000000 00000001     ................
    31a0:	00000001 000000fe 000000ff 00000000     ................
    31b0:	000000ff 000000ff 00000000 00000001     ................
    31c0:	00000001 000000fe 000000ff 00000000     ................
    31d0:	000000ff 000000ff 00000000 00000001     ................
    31e0:	00000001 000000fe 000000ff 00000000     ................
    31f0:	000000ff 000000ff 00000000 00000001     ................
    3200:	00000001 000000fe 000000ff 00000000     ................
    3210:	000000ff 000000ff 00000000 00000001     ................
    3220:	00000001 000000fe 000000ff 00000000     ................
    3230:	000000ff 000000ff 00000000 00000001     ................
    3240:	00000001 000000fe 000000ff 00000000     ................

00003250 <transformer_tinyllama_b0_attention_subgraph_pv_expected>:
    3250:	ffffffff ffffffff 00000000 00000000     ................
    3260:	00000000 fffffffe ffffffff 00000000     ................
    3270:	ffffffff ffffffff 00000000 00000000     ................
    3280:	00000000 fffffffe ffffffff 00000000     ................
    3290:	ffffffff ffffffff 00000000 00000000     ................
    32a0:	00000000 fffffffe ffffffff 00000000     ................
    32b0:	ffffffff ffffffff 00000000 00000000     ................
    32c0:	00000000 fffffffe ffffffff 00000000     ................
    32d0:	ffffffff ffffffff 00000000 00000000     ................
    32e0:	00000000 fffffffe ffffffff 00000000     ................
    32f0:	ffffffff ffffffff 00000000 00000000     ................
    3300:	00000000 fffffffe ffffffff 00000000     ................
    3310:	ffffffff ffffffff 00000000 00000000     ................
    3320:	00000000 fffffffe ffffffff 00000000     ................
    3330:	ffffffff ffffffff 00000000 00000000     ................
    3340:	00000000 fffffffe ffffffff 00000000     ................
    3350:	ffffffff ffffffff 00000000 00000000     ................
    3360:	00000000 fffffffe ffffffff 00000000     ................
    3370:	ffffffff ffffffff 00000000 00000000     ................
    3380:	00000000 fffffffe ffffffff 00000000     ................
    3390:	ffffffff ffffffff 00000000 00000000     ................
    33a0:	00000000 fffffffe ffffffff 00000000     ................
    33b0:	ffffffff ffffffff 00000000 00000000     ................
    33c0:	00000000 fffffffe ffffffff 00000000     ................
    33d0:	ffffffff ffffffff 00000000 00000000     ................
    33e0:	00000000 fffffffe ffffffff 00000000     ................
    33f0:	ffffffff ffffffff 00000000 00000000     ................
    3400:	00000000 fffffffe ffffffff 00000000     ................
    3410:	ffffffff ffffffff 00000000 00000000     ................
    3420:	00000000 fffffffe ffffffff 00000000     ................
    3430:	ffffffff ffffffff 00000000 00000000     ................
    3440:	00000000 fffffffe ffffffff 00000000     ................

00003450 <transformer_tinyllama_b0_gate_mul_vector_subgraph_input0>:
    3450:	00000001 00000001 ffffffff ffffffff     ................
	...
    3468:	00000001 00000001 ffffffff 00000000     ................
	...
    3480:	00000001 ffffffff ffffffff 00000000     ................
    3490:	00000000 00000001 00000001 ffffffff     ................
    34a0:	ffffffff 00000000 00000000 00000001     ................
    34b0:	00000001 ffffffff 00000000 00000000     ................
    34c0:	00000000 00000001 ffffffff ffffffff     ................
    34d0:	00000001 00000001 ffffffff ffffffff     ................
	...
    34e8:	00000001 00000001 ffffffff 00000000     ................
	...
    3500:	00000001 ffffffff ffffffff 00000000     ................
    3510:	00000000 00000001 00000001 ffffffff     ................
    3520:	ffffffff 00000000 00000000 00000001     ................
    3530:	00000001 ffffffff 00000000 00000000     ................
    3540:	00000000 00000001 ffffffff ffffffff     ................
    3550:	00000001 00000001 ffffffff ffffffff     ................
	...
    3568:	00000001 00000001 ffffffff 00000000     ................
	...
    3580:	00000001 ffffffff ffffffff 00000000     ................
    3590:	00000000 00000001 00000001 ffffffff     ................
    35a0:	ffffffff 00000000 00000000 00000001     ................
    35b0:	00000001 ffffffff 00000000 00000000     ................
    35c0:	00000000 00000001 ffffffff ffffffff     ................
    35d0:	00000001 00000001 ffffffff ffffffff     ................
	...
    35e8:	00000001 00000001 ffffffff 00000000     ................
	...
    3600:	00000001 ffffffff ffffffff 00000000     ................
    3610:	00000000 00000001 00000001 ffffffff     ................
    3620:	ffffffff 00000000 00000000 00000001     ................
    3630:	00000001 ffffffff 00000000 00000000     ................
    3640:	00000000 00000001 ffffffff ffffffff     ................
    3650:	00000001 00000001 ffffffff ffffffff     ................
	...
    3668:	00000001 00000001 ffffffff 00000000     ................
	...
    3680:	00000001 ffffffff ffffffff 00000000     ................
    3690:	00000000 00000001 00000001 ffffffff     ................
    36a0:	ffffffff 00000000 00000000 00000001     ................
    36b0:	00000001 ffffffff 00000000 00000000     ................
    36c0:	00000000 00000001 ffffffff ffffffff     ................
    36d0:	00000001 00000001 ffffffff ffffffff     ................
	...
    36e8:	00000001 00000001 ffffffff 00000000     ................
	...
    3700:	00000001 ffffffff ffffffff 00000000     ................
    3710:	00000000 00000001 00000001 ffffffff     ................
    3720:	ffffffff 00000000 00000000 00000001     ................
    3730:	00000001 ffffffff 00000000 00000000     ................
    3740:	00000000 00000001 ffffffff ffffffff     ................
    3750:	00000001 00000001 ffffffff ffffffff     ................
	...
    3768:	00000001 00000001 ffffffff 00000000     ................
	...
    3780:	00000001 ffffffff ffffffff 00000000     ................
    3790:	00000000 00000001 00000001 ffffffff     ................
    37a0:	ffffffff 00000000 00000000 00000001     ................
    37b0:	00000001 ffffffff 00000000 00000000     ................
    37c0:	00000000 00000001 ffffffff ffffffff     ................
    37d0:	00000001 00000001 ffffffff ffffffff     ................
	...
    37e8:	00000001 00000001 ffffffff 00000000     ................
	...
    3800:	00000001 ffffffff ffffffff 00000000     ................
    3810:	00000000 00000001 00000001 ffffffff     ................
    3820:	ffffffff 00000000 00000000 00000001     ................
    3830:	00000001 ffffffff 00000000 00000000     ................
    3840:	00000000 00000001 ffffffff ffffffff     ................

00003850 <transformer_tinyllama_b0_gate_mul_vector_subgraph_input1>:
    3850:	00000002 fffffffe ffffffff 00000000     ................
    3860:	00000000 00000001 fffffffd fffffffe     ................
    3870:	ffffffff 00000000 00000001 00000002     ................
    3880:	fffffffd fffffffe ffffffff 00000000     ................
    3890:	00000001 00000002 fffffffe ffffffff     ................
	...
    38a8:	00000001 fffffffd fffffffe ffffffff     ................
    38b8:	00000000 00000001 00000002 fffffffd     ................
    38c8:	fffffffe ffffffff 00000002 fffffffe     ................
    38d8:	ffffffff 00000000 00000000 00000001     ................
    38e8:	fffffffd fffffffe ffffffff 00000000     ................
    38f8:	00000001 00000002 fffffffd fffffffe     ................
    3908:	ffffffff 00000000 00000001 00000002     ................
    3918:	fffffffe ffffffff 00000000 00000000     ................
    3928:	00000001 fffffffd fffffffe ffffffff     ................
    3938:	00000000 00000001 00000002 fffffffd     ................
    3948:	fffffffe ffffffff 00000002 fffffffe     ................
    3958:	ffffffff 00000000 00000000 00000001     ................
    3968:	fffffffd fffffffe ffffffff 00000000     ................
    3978:	00000001 00000002 fffffffd fffffffe     ................
    3988:	ffffffff 00000000 00000001 00000002     ................
    3998:	fffffffe ffffffff 00000000 00000000     ................
    39a8:	00000001 fffffffd fffffffe ffffffff     ................
    39b8:	00000000 00000001 00000002 fffffffd     ................
    39c8:	fffffffe ffffffff 00000002 fffffffe     ................
    39d8:	ffffffff 00000000 00000000 00000001     ................
    39e8:	fffffffd fffffffe ffffffff 00000000     ................
    39f8:	00000001 00000002 fffffffd fffffffe     ................
    3a08:	ffffffff 00000000 00000001 00000002     ................
    3a18:	fffffffe ffffffff 00000000 00000000     ................
    3a28:	00000001 fffffffd fffffffe ffffffff     ................
    3a38:	00000000 00000001 00000002 fffffffd     ................
    3a48:	fffffffe ffffffff 00000002 fffffffe     ................
    3a58:	ffffffff 00000000 00000000 00000001     ................
    3a68:	fffffffd fffffffe ffffffff 00000000     ................
    3a78:	00000001 00000002 fffffffd fffffffe     ................
    3a88:	ffffffff 00000000 00000001 00000002     ................
    3a98:	fffffffe ffffffff 00000000 00000000     ................
    3aa8:	00000001 fffffffd fffffffe ffffffff     ................
    3ab8:	00000000 00000001 00000002 fffffffd     ................
    3ac8:	fffffffe ffffffff 00000002 fffffffe     ................
    3ad8:	ffffffff 00000000 00000000 00000001     ................
    3ae8:	fffffffd fffffffe ffffffff 00000000     ................
    3af8:	00000001 00000002 fffffffd fffffffe     ................
    3b08:	ffffffff 00000000 00000001 00000002     ................
    3b18:	fffffffe ffffffff 00000000 00000000     ................
    3b28:	00000001 fffffffd fffffffe ffffffff     ................
    3b38:	00000000 00000001 00000002 fffffffd     ................
    3b48:	fffffffe ffffffff 00000002 fffffffe     ................
    3b58:	ffffffff 00000000 00000000 00000001     ................
    3b68:	fffffffd fffffffe ffffffff 00000000     ................
    3b78:	00000001 00000002 fffffffd fffffffe     ................
    3b88:	ffffffff 00000000 00000001 00000002     ................
    3b98:	fffffffe ffffffff 00000000 00000000     ................
    3ba8:	00000001 fffffffd fffffffe ffffffff     ................
    3bb8:	00000000 00000001 00000002 fffffffd     ................
    3bc8:	fffffffe ffffffff 00000002 fffffffe     ................
    3bd8:	ffffffff 00000000 00000000 00000001     ................
    3be8:	fffffffd fffffffe ffffffff 00000000     ................
    3bf8:	00000001 00000002 fffffffd fffffffe     ................
    3c08:	ffffffff 00000000 00000001 00000002     ................
    3c18:	fffffffe ffffffff 00000000 00000000     ................
    3c28:	00000001 fffffffd fffffffe ffffffff     ................
    3c38:	00000000 00000001 00000002 fffffffd     ................
    3c48:	fffffffe ffffffff                       ........

00003c50 <transformer_tinyllama_b0_gate_mul_vector_subgraph_expected_output>:
    3c50:	00000000 ffffffff 00000000 00000000     ................
	...
    3c68:	ffffffff ffffffff 00000000 00000000     ................
	...
    3c80:	ffffffff 00000000 00000000 00000000     ................
	...
    3c98:	ffffffff 00000000 00000000 00000000     ................
    3ca8:	00000000 ffffffff ffffffff 00000000     ................
	...
    3cc4:	ffffffff 00000000 00000000 00000000     ................
    3cd4:	ffffffff 00000000 00000000 00000000     ................
    3ce4:	00000000 ffffffff ffffffff 00000000     ................
	...
    3d00:	ffffffff 00000000 00000000 00000000     ................
	...
    3d18:	ffffffff 00000000 00000000 00000000     ................
    3d28:	00000000 ffffffff ffffffff 00000000     ................
	...
    3d44:	ffffffff 00000000 00000000 00000000     ................
    3d54:	ffffffff 00000000 00000000 00000000     ................
    3d64:	00000000 ffffffff ffffffff 00000000     ................
	...
    3d80:	ffffffff 00000000 00000000 00000000     ................
	...
    3d98:	ffffffff 00000000 00000000 00000000     ................
    3da8:	00000000 ffffffff ffffffff 00000000     ................
	...
    3dc4:	ffffffff 00000000 00000000 00000000     ................
    3dd4:	ffffffff 00000000 00000000 00000000     ................
    3de4:	00000000 ffffffff ffffffff 00000000     ................
	...
    3e00:	ffffffff 00000000 00000000 00000000     ................
	...
    3e18:	ffffffff 00000000 00000000 00000000     ................
    3e28:	00000000 ffffffff ffffffff 00000000     ................
	...
    3e44:	ffffffff 00000000 00000000 00000000     ................
    3e54:	ffffffff 00000000 00000000 00000000     ................
    3e64:	00000000 ffffffff ffffffff 00000000     ................
	...
    3e80:	ffffffff 00000000 00000000 00000000     ................
	...
    3e98:	ffffffff 00000000 00000000 00000000     ................
    3ea8:	00000000 ffffffff ffffffff 00000000     ................
	...
    3ec4:	ffffffff 00000000 00000000 00000000     ................
    3ed4:	ffffffff 00000000 00000000 00000000     ................
    3ee4:	00000000 ffffffff ffffffff 00000000     ................
	...
    3f00:	ffffffff 00000000 00000000 00000000     ................
	...
    3f18:	ffffffff 00000000 00000000 00000000     ................
    3f28:	00000000 ffffffff ffffffff 00000000     ................
	...
    3f44:	ffffffff 00000000 00000000 00000000     ................
    3f54:	ffffffff 00000000 00000000 00000000     ................
    3f64:	00000000 ffffffff ffffffff 00000000     ................
	...
    3f80:	ffffffff 00000000 00000000 00000000     ................
	...
    3f98:	ffffffff 00000000 00000000 00000000     ................
    3fa8:	00000000 ffffffff ffffffff 00000000     ................
	...
    3fc4:	ffffffff 00000000 00000000 00000000     ................
    3fd4:	ffffffff 00000000 00000000 00000000     ................
    3fe4:	00000000 ffffffff ffffffff 00000000     ................
	...
    4000:	ffffffff 00000000 00000000 00000000     ................
	...
    4018:	ffffffff 00000000 00000000 00000000     ................
    4028:	00000000 ffffffff ffffffff 00000000     ................
	...
    4044:	ffffffff 00000000 00000000              ............

00004050 <transformer_tinyllama_b0_residual_vector_subgraph_input0>:
    4050:	00000005 00000002 ffffffff fffffffc     ................
    4060:	fffffff9 00000007 00000004 00000001     ................
    4070:	fffffffe fffffffb fffffff8 00000006     ................
    4080:	00000003 00000000 fffffffd fffffffa     ................
    4090:	00000005 00000002 ffffffff fffffffc     ................
    40a0:	fffffff9 00000007 00000004 00000001     ................
    40b0:	fffffffe fffffffb fffffff8 00000006     ................
    40c0:	00000003 00000000 fffffffd fffffffa     ................
    40d0:	00000005 00000002 ffffffff fffffffc     ................
    40e0:	fffffff9 00000007 00000004 00000001     ................
    40f0:	fffffffe fffffffb fffffff8 00000006     ................
    4100:	00000003 00000000 fffffffd fffffffa     ................
    4110:	00000005 00000002 ffffffff fffffffc     ................
    4120:	fffffff9 00000007 00000004 00000001     ................
    4130:	fffffffe fffffffb fffffff8 00000006     ................
    4140:	00000003 00000000 fffffffd fffffffa     ................
    4150:	00000005 00000002 ffffffff fffffffc     ................
    4160:	fffffff9 00000007 00000004 00000001     ................
    4170:	fffffffe fffffffb fffffff8 00000006     ................
    4180:	00000003 00000000 fffffffd fffffffa     ................
    4190:	00000005 00000002 ffffffff fffffffc     ................
    41a0:	fffffff9 00000007 00000004 00000001     ................
    41b0:	fffffffe fffffffb fffffff8 00000006     ................
    41c0:	00000003 00000000 fffffffd fffffffa     ................
    41d0:	00000005 00000002 ffffffff fffffffc     ................
    41e0:	fffffff9 00000007 00000004 00000001     ................
    41f0:	fffffffe fffffffb fffffff8 00000006     ................
    4200:	00000003 00000000 fffffffd fffffffa     ................
    4210:	00000005 00000002 ffffffff fffffffc     ................
    4220:	fffffff9 00000007 00000004 00000001     ................
    4230:	fffffffe fffffffb fffffff8 00000006     ................
    4240:	00000003 00000000 fffffffd fffffffa     ................
    4250:	00000005 00000002 ffffffff fffffffb     ................
    4260:	fffffff8 00000006 00000004 00000001     ................
    4270:	fffffffe fffffffa fffffff7 00000005     ................
    4280:	00000003 00000000 fffffffd fffffff9     ................
    4290:	00000005 00000002 ffffffff fffffffb     ................
    42a0:	fffffff8 00000006 00000004 00000001     ................
    42b0:	fffffffe fffffffa fffffff7 00000005     ................
    42c0:	00000003 00000000 fffffffd fffffff9     ................
    42d0:	00000005 00000002 ffffffff fffffffb     ................
    42e0:	fffffff8 00000006 00000004 00000001     ................
    42f0:	fffffffe fffffffa fffffff7 00000005     ................
    4300:	00000003 00000000 fffffffd fffffff9     ................
    4310:	00000005 00000002 ffffffff fffffffb     ................
    4320:	fffffff8 00000006 00000004 00000001     ................
    4330:	fffffffe fffffffa fffffff7 00000005     ................
    4340:	00000003 00000000 fffffffd fffffff9     ................
    4350:	00000005 00000002 ffffffff fffffffb     ................
    4360:	fffffff8 00000006 00000004 00000001     ................
    4370:	fffffffe fffffffa fffffff7 00000005     ................
    4380:	00000003 00000000 fffffffd fffffff9     ................
    4390:	00000005 00000002 ffffffff fffffffb     ................
    43a0:	fffffff8 00000006 00000004 00000001     ................
    43b0:	fffffffe fffffffa fffffff7 00000005     ................
    43c0:	00000003 00000000 fffffffd fffffff9     ................
    43d0:	00000005 00000002 ffffffff fffffffb     ................
    43e0:	fffffff8 00000006 00000004 00000001     ................
    43f0:	fffffffe fffffffa fffffff7 00000005     ................
    4400:	00000003 00000000 fffffffd fffffff9     ................
    4410:	00000005 00000002 ffffffff fffffffb     ................
    4420:	fffffff8 00000006 00000004 00000001     ................
    4430:	fffffffe fffffffa fffffff7 00000005     ................
    4440:	00000003 00000000 fffffffd fffffff9     ................

00004450 <transformer_tinyllama_b0_residual_vector_subgraph_input1>:
	...
    445c:	ffffffff ffffffff ffffffff 00000000     ................
	...
    4474:	ffffffff ffffffff ffffffff 00000000     ................
	...
    448c:	ffffffff 00000000 00000000 00000000     ................
    449c:	ffffffff ffffffff ffffffff 00000000     ................
	...
    44b4:	ffffffff ffffffff ffffffff 00000000     ................
	...
    44cc:	ffffffff 00000000 00000000 00000000     ................
    44dc:	ffffffff ffffffff ffffffff 00000000     ................
	...
    44f4:	ffffffff ffffffff ffffffff 00000000     ................
	...
    450c:	ffffffff 00000000 00000000 00000000     ................
    451c:	ffffffff ffffffff ffffffff 00000000     ................
	...
    4534:	ffffffff ffffffff ffffffff 00000000     ................
	...
    454c:	ffffffff 00000000 00000000 00000000     ................
    455c:	ffffffff ffffffff ffffffff 00000000     ................
	...
    4574:	ffffffff ffffffff ffffffff 00000000     ................
	...
    458c:	ffffffff 00000000 00000000 00000000     ................
    459c:	ffffffff ffffffff ffffffff 00000000     ................
	...
    45b4:	ffffffff ffffffff ffffffff 00000000     ................
	...
    45cc:	ffffffff 00000000 00000000 00000000     ................
    45dc:	ffffffff ffffffff ffffffff 00000000     ................
	...
    45f4:	ffffffff ffffffff ffffffff 00000000     ................
	...
    460c:	ffffffff 00000000 00000000 00000000     ................
    461c:	ffffffff ffffffff ffffffff 00000000     ................
	...
    4634:	ffffffff ffffffff ffffffff 00000000     ................
	...
    464c:	ffffffff ffffffff ffffffff 00000000     ................
	...
    4664:	ffffffff ffffffff ffffffff 00000000     ................
    4674:	00000000 00000001 ffffffff ffffffff     ................
	...
    4690:	ffffffff ffffffff 00000000 00000000     ................
    46a0:	00000000 ffffffff ffffffff ffffffff     ................
	...
    46b8:	00000001 ffffffff ffffffff 00000000     ................
	...
    46d0:	ffffffff ffffffff 00000000 00000000     ................
    46e0:	00000000 ffffffff ffffffff ffffffff     ................
	...
    46f8:	00000001 ffffffff ffffffff 00000000     ................
	...
    4710:	ffffffff ffffffff 00000000 00000000     ................
    4720:	00000000 ffffffff ffffffff ffffffff     ................
	...
    4738:	00000001 ffffffff ffffffff 00000000     ................
	...
    4750:	ffffffff ffffffff 00000000 00000000     ................
    4760:	00000000 ffffffff ffffffff ffffffff     ................
	...
    4778:	00000001 ffffffff ffffffff 00000000     ................
	...
    4790:	ffffffff ffffffff 00000000 00000000     ................
    47a0:	00000000 ffffffff ffffffff ffffffff     ................
	...
    47b8:	00000001 ffffffff ffffffff 00000000     ................
	...
    47d0:	ffffffff ffffffff 00000000 00000000     ................
    47e0:	00000000 ffffffff ffffffff ffffffff     ................
	...
    47f8:	00000001 ffffffff ffffffff 00000000     ................
	...
    4810:	ffffffff ffffffff 00000000 00000000     ................
    4820:	00000000 ffffffff ffffffff ffffffff     ................
	...
    4838:	00000001 ffffffff ffffffff 00000000     ................
	...

00004850 <transformer_tinyllama_b0_residual_vector_subgraph_expected_output>:
    4850:	00000005 00000002 ffffffff fffffffb     ................
    4860:	fffffff8 00000006 00000004 00000001     ................
    4870:	fffffffe fffffffa fffffff7 00000005     ................
    4880:	00000003 00000000 fffffffd fffffff9     ................
    4890:	00000005 00000002 ffffffff fffffffb     ................
    48a0:	fffffff8 00000006 00000004 00000001     ................
    48b0:	fffffffe fffffffa fffffff7 00000005     ................
    48c0:	00000003 00000000 fffffffd fffffff9     ................
    48d0:	00000005 00000002 ffffffff fffffffb     ................
    48e0:	fffffff8 00000006 00000004 00000001     ................
    48f0:	fffffffe fffffffa fffffff7 00000005     ................
    4900:	00000003 00000000 fffffffd fffffff9     ................
    4910:	00000005 00000002 ffffffff fffffffb     ................
    4920:	fffffff8 00000006 00000004 00000001     ................
    4930:	fffffffe fffffffa fffffff7 00000005     ................
    4940:	00000003 00000000 fffffffd fffffff9     ................
    4950:	00000005 00000002 ffffffff fffffffb     ................
    4960:	fffffff8 00000006 00000004 00000001     ................
    4970:	fffffffe fffffffa fffffff7 00000005     ................
    4980:	00000003 00000000 fffffffd fffffff9     ................
    4990:	00000005 00000002 ffffffff fffffffb     ................
    49a0:	fffffff8 00000006 00000004 00000001     ................
    49b0:	fffffffe fffffffa fffffff7 00000005     ................
    49c0:	00000003 00000000 fffffffd fffffff9     ................
    49d0:	00000005 00000002 ffffffff fffffffb     ................
    49e0:	fffffff8 00000006 00000004 00000001     ................
    49f0:	fffffffe fffffffa fffffff7 00000005     ................
    4a00:	00000003 00000000 fffffffd fffffff9     ................
    4a10:	00000005 00000002 ffffffff fffffffb     ................
    4a20:	fffffff8 00000006 00000004 00000001     ................
    4a30:	fffffffe fffffffa fffffff7 00000005     ................
    4a40:	00000003 00000000 fffffffd fffffff9     ................
    4a50:	00000004 00000001 ffffffff fffffffb     ................
    4a60:	fffffff8 00000005 00000003 00000000     ................
    4a70:	fffffffe fffffffa fffffff8 00000004     ................
    4a80:	00000002 00000000 fffffffd fffffff9     ................
    4a90:	00000004 00000001 ffffffff fffffffb     ................
    4aa0:	fffffff8 00000005 00000003 00000000     ................
    4ab0:	fffffffe fffffffa fffffff8 00000004     ................
    4ac0:	00000002 00000000 fffffffd fffffff9     ................
    4ad0:	00000004 00000001 ffffffff fffffffb     ................
    4ae0:	fffffff8 00000005 00000003 00000000     ................
    4af0:	fffffffe fffffffa fffffff8 00000004     ................
    4b00:	00000002 00000000 fffffffd fffffff9     ................
    4b10:	00000004 00000001 ffffffff fffffffb     ................
    4b20:	fffffff8 00000005 00000003 00000000     ................
    4b30:	fffffffe fffffffa fffffff8 00000004     ................
    4b40:	00000002 00000000 fffffffd fffffff9     ................
    4b50:	00000004 00000001 ffffffff fffffffb     ................
    4b60:	fffffff8 00000005 00000003 00000000     ................
    4b70:	fffffffe fffffffa fffffff8 00000004     ................
    4b80:	00000002 00000000 fffffffd fffffff9     ................
    4b90:	00000004 00000001 ffffffff fffffffb     ................
    4ba0:	fffffff8 00000005 00000003 00000000     ................
    4bb0:	fffffffe fffffffa fffffff8 00000004     ................
    4bc0:	00000002 00000000 fffffffd fffffff9     ................
    4bd0:	00000004 00000001 ffffffff fffffffb     ................
    4be0:	fffffff8 00000005 00000003 00000000     ................
    4bf0:	fffffffe fffffffa fffffff8 00000004     ................
    4c00:	00000002 00000000 fffffffd fffffff9     ................
    4c10:	00000004 00000001 ffffffff fffffffb     ................
    4c20:	fffffff8 00000005 00000003 00000000     ................
    4c30:	fffffffe fffffffa fffffff8 00000004     ................
    4c40:	00000002 00000000 fffffffd fffffff9     ................

00004c50 <transformer_tinyllama_b0_attention_subgraph_row_mask_words>:
    4c50:	0f070301 ff7f3f1f                       .....?..

00004c58 <transformer_tinyllama_b0_rmsnorm_vector_subgraph_input0>:
    4c58:	00000005 00000002 ffffffff fffffffc     ................
    4c68:	fffffff9 00000007 00000004 00000001     ................
    4c78:	00000005 00000002 ffffffff fffffffc     ................
    4c88:	fffffff9 00000007 00000004 00000001     ................
    4c98:	00000005 00000002 ffffffff fffffffc     ................
    4ca8:	fffffff9 00000007 00000004 00000001     ................
    4cb8:	00000005 00000002 ffffffff fffffffc     ................
    4cc8:	fffffff9 00000007 00000004 00000001     ................
    4cd8:	00000005 00000002 ffffffff fffffffc     ................
    4ce8:	fffffff9 00000007 00000004 00000001     ................
    4cf8:	00000005 00000002 ffffffff fffffffc     ................
    4d08:	fffffff9 00000007 00000004 00000001     ................
    4d18:	00000005 00000002 ffffffff fffffffc     ................
    4d28:	fffffff9 00000007 00000004 00000001     ................
    4d38:	00000005 00000002 ffffffff fffffffc     ................
    4d48:	fffffff9 00000007 00000004 00000001     ................
    4d58:	00000005 00000002 ffffffff fffffffc     ................
    4d68:	fffffff9 00000007 00000004 00000001     ................
    4d78:	00000005 00000002 ffffffff fffffffc     ................
    4d88:	fffffff9 00000007 00000004 00000001     ................
    4d98:	00000005 00000002 ffffffff fffffffc     ................
    4da8:	fffffff9 00000007 00000004 00000001     ................
    4db8:	00000005 00000002 ffffffff fffffffc     ................
    4dc8:	fffffff9 00000007 00000004 00000001     ................
    4dd8:	00000005 00000002 ffffffff fffffffc     ................
    4de8:	fffffff9 00000007 00000004 00000001     ................
    4df8:	00000005 00000002 ffffffff fffffffc     ................
    4e08:	fffffff9 00000007 00000004 00000001     ................
    4e18:	00000005 00000002 ffffffff fffffffc     ................
    4e28:	fffffff9 00000007 00000004 00000001     ................
    4e38:	00000005 00000002 ffffffff fffffffc     ................
    4e48:	fffffff9 00000007 00000004 00000001     ................
    4e58:	00000005 00000002 ffffffff fffffffb     ................
    4e68:	fffffff8 00000006 00000004 00000001     ................
    4e78:	00000005 00000002 ffffffff fffffffb     ................
    4e88:	fffffff8 00000006 00000004 00000001     ................
    4e98:	00000005 00000002 ffffffff fffffffb     ................
    4ea8:	fffffff8 00000006 00000004 00000001     ................
    4eb8:	00000005 00000002 ffffffff fffffffb     ................
    4ec8:	fffffff8 00000006 00000004 00000001     ................
    4ed8:	00000005 00000002 ffffffff fffffffb     ................
    4ee8:	fffffff8 00000006 00000004 00000001     ................
    4ef8:	00000005 00000002 ffffffff fffffffb     ................
    4f08:	fffffff8 00000006 00000004 00000001     ................
    4f18:	00000005 00000002 ffffffff fffffffb     ................
    4f28:	fffffff8 00000006 00000004 00000001     ................
    4f38:	00000005 00000002 ffffffff fffffffb     ................
    4f48:	fffffff8 00000006 00000004 00000001     ................
    4f58:	00000005 00000002 ffffffff fffffffb     ................
    4f68:	fffffff8 00000006 00000004 00000001     ................
    4f78:	00000005 00000002 ffffffff fffffffb     ................
    4f88:	fffffff8 00000006 00000004 00000001     ................
    4f98:	00000005 00000002 ffffffff fffffffb     ................
    4fa8:	fffffff8 00000006 00000004 00000001     ................
    4fb8:	00000005 00000002 ffffffff fffffffb     ................
    4fc8:	fffffff8 00000006 00000004 00000001     ................
    4fd8:	00000005 00000002 ffffffff fffffffb     ................
    4fe8:	fffffff8 00000006 00000004 00000001     ................
    4ff8:	00000005 00000002 ffffffff fffffffb     ................
    5008:	fffffff8 00000006 00000004 00000001     ................
    5018:	00000005 00000002 ffffffff fffffffb     ................
    5028:	fffffff8 00000006 00000004 00000001     ................
    5038:	00000005 00000002 ffffffff fffffffb     ................
    5048:	fffffff8 00000006 00000004 00000001     ................

00005058 <transformer_tinyllama_b0_rmsnorm_vector_subgraph_input1>:
    5058:	fffffffe fffffffb fffffff8 00000006     ................
    5068:	00000003 00000000 fffffffd fffffffa     ................
    5078:	fffffffe fffffffb fffffff8 00000006     ................
    5088:	00000003 00000000 fffffffd fffffffa     ................
    5098:	fffffffe fffffffb fffffff8 00000006     ................
    50a8:	00000003 00000000 fffffffd fffffffa     ................
    50b8:	fffffffe fffffffb fffffff8 00000006     ................
    50c8:	00000003 00000000 fffffffd fffffffa     ................
    50d8:	fffffffe fffffffb fffffff8 00000006     ................
    50e8:	00000003 00000000 fffffffd fffffffa     ................
    50f8:	fffffffe fffffffb fffffff8 00000006     ................
    5108:	00000003 00000000 fffffffd fffffffa     ................
    5118:	fffffffe fffffffb fffffff8 00000006     ................
    5128:	00000003 00000000 fffffffd fffffffa     ................
    5138:	fffffffe fffffffb fffffff8 00000006     ................
    5148:	00000003 00000000 fffffffd fffffffa     ................
    5158:	fffffffe fffffffb fffffff8 00000006     ................
    5168:	00000003 00000000 fffffffd fffffffa     ................
    5178:	fffffffe fffffffb fffffff8 00000006     ................
    5188:	00000003 00000000 fffffffd fffffffa     ................
    5198:	fffffffe fffffffb fffffff8 00000006     ................
    51a8:	00000003 00000000 fffffffd fffffffa     ................
    51b8:	fffffffe fffffffb fffffff8 00000006     ................
    51c8:	00000003 00000000 fffffffd fffffffa     ................
    51d8:	fffffffe fffffffb fffffff8 00000006     ................
    51e8:	00000003 00000000 fffffffd fffffffa     ................
    51f8:	fffffffe fffffffb fffffff8 00000006     ................
    5208:	00000003 00000000 fffffffd fffffffa     ................
    5218:	fffffffe fffffffb fffffff8 00000006     ................
    5228:	00000003 00000000 fffffffd fffffffa     ................
    5238:	fffffffe fffffffb fffffff8 00000006     ................
    5248:	00000003 00000000 fffffffd fffffffa     ................
    5258:	fffffffe fffffffa fffffff7 00000005     ................
    5268:	00000003 00000000 fffffffd fffffff9     ................
    5278:	fffffffe fffffffa fffffff7 00000005     ................
    5288:	00000003 00000000 fffffffd fffffff9     ................
    5298:	fffffffe fffffffa fffffff7 00000005     ................
    52a8:	00000003 00000000 fffffffd fffffff9     ................
    52b8:	fffffffe fffffffa fffffff7 00000005     ................
    52c8:	00000003 00000000 fffffffd fffffff9     ................
    52d8:	fffffffe fffffffa fffffff7 00000005     ................
    52e8:	00000003 00000000 fffffffd fffffff9     ................
    52f8:	fffffffe fffffffa fffffff7 00000005     ................
    5308:	00000003 00000000 fffffffd fffffff9     ................
    5318:	fffffffe fffffffa fffffff7 00000005     ................
    5328:	00000003 00000000 fffffffd fffffff9     ................
    5338:	fffffffe fffffffa fffffff7 00000005     ................
    5348:	00000003 00000000 fffffffd fffffff9     ................
    5358:	fffffffe fffffffa fffffff7 00000005     ................
    5368:	00000003 00000000 fffffffd fffffff9     ................
    5378:	fffffffe fffffffa fffffff7 00000005     ................
    5388:	00000003 00000000 fffffffd fffffff9     ................
    5398:	fffffffe fffffffa fffffff7 00000005     ................
    53a8:	00000003 00000000 fffffffd fffffff9     ................
    53b8:	fffffffe fffffffa fffffff7 00000005     ................
    53c8:	00000003 00000000 fffffffd fffffff9     ................
    53d8:	fffffffe fffffffa fffffff7 00000005     ................
    53e8:	00000003 00000000 fffffffd fffffff9     ................
    53f8:	fffffffe fffffffa fffffff7 00000005     ................
    5408:	00000003 00000000 fffffffd fffffff9     ................
    5418:	fffffffe fffffffa fffffff7 00000005     ................
    5428:	00000003 00000000 fffffffd fffffff9     ................
    5438:	fffffffe fffffffa fffffff7 00000005     ................
    5448:	00000003 00000000 fffffffd fffffff9     ................

00005458 <transformer_tinyllama_b0_rmsnorm_vector_subgraph_program_select>:
    5458:	00000000 00000001 00000000 00000001     ................
    5468:	00000000 00000001 00000000 00000001     ................
    5478:	00000000 00000001 00000000 00000001     ................
    5488:	00000000 00000001 00000000 00000001     ................
    5498:	00000000 00000001 00000000 00000001     ................
    54a8:	00000000 00000001 00000000 00000001     ................
    54b8:	00000000 00000001 00000000 00000001     ................
    54c8:	00000000 00000001 00000000 00000001     ................

000054d8 <transformer_tinyllama_b0_rmsnorm_vector_subgraph_expected_output>:
    54d8:	00000004 00000001 ffffffff fffffffc     ................
    54e8:	fffffff9 00000006 00000003 00000000     ................
    54f8:	fffffffe fffffffb fffffff8 00000005     ................
    5508:	00000002 00000000 fffffffd fffffffa     ................
    5518:	00000004 00000001 ffffffff fffffffc     ................
    5528:	fffffff9 00000006 00000003 00000000     ................
    5538:	fffffffe fffffffb fffffff8 00000005     ................
    5548:	00000002 00000000 fffffffd fffffffa     ................
    5558:	00000004 00000001 ffffffff fffffffc     ................
    5568:	fffffff9 00000006 00000003 00000000     ................
    5578:	fffffffe fffffffb fffffff8 00000005     ................
    5588:	00000002 00000000 fffffffd fffffffa     ................
    5598:	00000004 00000001 ffffffff fffffffc     ................
    55a8:	fffffff9 00000006 00000003 00000000     ................
    55b8:	fffffffe fffffffb fffffff8 00000005     ................
    55c8:	00000002 00000000 fffffffd fffffffa     ................
    55d8:	00000004 00000001 ffffffff fffffffc     ................
    55e8:	fffffff9 00000006 00000003 00000000     ................
    55f8:	fffffffe fffffffb fffffff8 00000005     ................
    5608:	00000002 00000000 fffffffd fffffffa     ................
    5618:	00000004 00000001 ffffffff fffffffc     ................
    5628:	fffffff9 00000006 00000003 00000000     ................
    5638:	fffffffe fffffffb fffffff8 00000005     ................
    5648:	00000002 00000000 fffffffd fffffffa     ................
    5658:	00000004 00000001 ffffffff fffffffc     ................
    5668:	fffffff9 00000006 00000003 00000000     ................
    5678:	fffffffe fffffffb fffffff8 00000005     ................
    5688:	00000002 00000000 fffffffd fffffffa     ................
    5698:	00000004 00000001 ffffffff fffffffc     ................
    56a8:	fffffff9 00000006 00000003 00000000     ................
    56b8:	fffffffe fffffffb fffffff8 00000005     ................
    56c8:	00000002 00000000 fffffffd fffffffa     ................
    56d8:	00000004 00000001 ffffffff fffffffb     ................
    56e8:	fffffff9 00000005 00000003 00000000     ................
    56f8:	fffffffe fffffffa fffffff8 00000004     ................
    5708:	00000002 00000000 fffffffd fffffffa     ................
    5718:	00000004 00000001 ffffffff fffffffb     ................
    5728:	fffffff9 00000005 00000003 00000000     ................
    5738:	fffffffe fffffffa fffffff8 00000004     ................
    5748:	00000002 00000000 fffffffd fffffffa     ................
    5758:	00000004 00000001 ffffffff fffffffb     ................
    5768:	fffffff9 00000005 00000003 00000000     ................
    5778:	fffffffe fffffffa fffffff8 00000004     ................
    5788:	00000002 00000000 fffffffd fffffffa     ................
    5798:	00000004 00000001 ffffffff fffffffb     ................
    57a8:	fffffff9 00000005 00000003 00000000     ................
    57b8:	fffffffe fffffffa fffffff8 00000004     ................
    57c8:	00000002 00000000 fffffffd fffffffa     ................
    57d8:	00000004 00000001 ffffffff fffffffb     ................
    57e8:	fffffff9 00000005 00000003 00000000     ................
    57f8:	fffffffe fffffffa fffffff8 00000004     ................
    5808:	00000002 00000000 fffffffd fffffffa     ................
    5818:	00000004 00000001 ffffffff fffffffb     ................
    5828:	fffffff9 00000005 00000003 00000000     ................
    5838:	fffffffe fffffffa fffffff8 00000004     ................
    5848:	00000002 00000000 fffffffd fffffffa     ................
    5858:	00000004 00000001 ffffffff fffffffb     ................
    5868:	fffffff9 00000005 00000003 00000000     ................
    5878:	fffffffe fffffffa fffffff8 00000004     ................
    5888:	00000002 00000000 fffffffd fffffffa     ................
    5898:	00000004 00000001 ffffffff fffffffb     ................
    58a8:	fffffff9 00000005 00000003 00000000     ................
    58b8:	fffffffe fffffffa fffffff8 00000004     ................
    58c8:	00000002 00000000 fffffffd fffffffa     ................

000058d8 <transformer_decode_skinny_gemm_m8_compat_a>:
    58d8:	000000ff 000000fc 000000f9 00000007     ................
    58e8:	00000004 00000001 000000fe 000000fb     ................
    58f8:	000000ff 000000fc 000000f9 00000007     ................
    5908:	00000004 00000001 000000fe 000000fb     ................
    5918:	000000ff 000000fc 000000f9 00000007     ................
    5928:	00000004 00000001 000000fe 000000fb     ................
    5938:	000000ff 000000fc 000000f9 00000007     ................
    5948:	00000004 00000001 000000fe 000000fb     ................
    5958:	000000ff 000000fc 000000f9 00000007     ................
    5968:	00000004 00000001 000000fe 000000fb     ................
    5978:	000000ff 000000fc 000000f9 00000007     ................
    5988:	00000004 00000001 000000fe 000000fb     ................
    5998:	000000ff 000000fc 000000f9 00000007     ................
    59a8:	00000004 00000001 000000fe 000000fb     ................
    59b8:	000000ff 000000fc 000000f9 00000007     ................
    59c8:	00000004 00000001 000000fe 000000fb     ................

000059d8 <transformer_decode_skinny_gemm_m8_compat_b>:
    59d8:	000000ff 000000fc 000000f9 00000007     ................
    59e8:	00000004 00000001 000000fe 000000fb     ................
    59f8:	000000ff 000000fc 000000f9 00000007     ................
    5a08:	00000004 00000001 000000fe 000000fb     ................
    5a18:	000000ff 000000fc 000000f9 00000007     ................
    5a28:	00000004 00000001 000000fe 000000fb     ................
    5a38:	000000ff 000000fc 000000f9 00000007     ................
    5a48:	00000004 00000001 000000fe 000000fb     ................
    5a58:	000000ff 000000fc 000000f9 00000007     ................
    5a68:	00000004 00000001 000000fe 000000fb     ................
    5a78:	000000ff 000000fc 000000f9 00000007     ................
    5a88:	00000004 00000001 000000fe 000000fb     ................
    5a98:	000000ff 000000fc 000000f9 00000007     ................
    5aa8:	00000004 00000001 000000fe 000000fb     ................
    5ab8:	000000ff 000000fc 000000f9 00000007     ................
    5ac8:	00000004 00000001 000000fe 000000fb     ................

00005ad8 <transformer_decode_skinny_gemm_m8_compat_expected_c>:
    5ad8:	00000007 0000001c 00000031 ffffffcf     ........1.......
    5ae8:	ffffffe4 fffffff9 0000000e 00000023     ............#...
    5af8:	00000007 0000001c 00000031 ffffffcf     ........1.......
    5b08:	ffffffe4 fffffff9 0000000e 00000023     ............#...
    5b18:	00000007 0000001c 00000031 ffffffcf     ........1.......
    5b28:	ffffffe4 fffffff9 0000000e 00000023     ............#...
    5b38:	00000007 0000001c 00000031 ffffffcf     ........1.......
    5b48:	ffffffe4 fffffff9 0000000e 00000023     ............#...
    5b58:	00000007 0000001c 00000031 ffffffcf     ........1.......
    5b68:	ffffffe4 fffffff9 0000000e 00000023     ............#...
    5b78:	00000007 0000001c 00000031 ffffffcf     ........1.......
    5b88:	ffffffe4 fffffff9 0000000e 00000023     ............#...
    5b98:	00000007 0000001c 00000031 ffffffcf     ........1.......
    5ba8:	ffffffe4 fffffff9 0000000e 00000023     ............#...
    5bb8:	00000007 0000001c 00000031 ffffffcf     ........1.......
    5bc8:	ffffffe4 fffffff9 0000000e 00000023     ............#...

00005bd8 <transformer_tinyllama_b0_matrix_subgraph_expected_c>:
    5bd8:	0000004b 00000078 ffffffa6 ffffffd3     K...x...........
    5be8:	00000000 0000002d 0000005a ffffff88     ....-...Z.......
    5bf8:	0000004b 00000078 ffffffa6 ffffffd3     K...x...........
    5c08:	00000000 0000002d 0000005a ffffff88     ....-...Z.......
    5c18:	0000004b 00000078 ffffffa6 ffffffd3     K...x...........
    5c28:	00000000 0000002d 0000005a ffffff88     ....-...Z.......
    5c38:	0000004b 00000078 ffffffa6 ffffffd3     K...x...........
    5c48:	00000000 0000002d 0000005a ffffff88     ....-...Z.......
    5c58:	0000004b 00000078 ffffffa6 ffffffd3     K...x...........
    5c68:	00000000 0000002d 0000005a ffffff88     ....-...Z.......
    5c78:	0000004b 00000078 ffffffa6 ffffffd3     K...x...........
    5c88:	00000000 0000002d 0000005a ffffff88     ....-...Z.......
    5c98:	0000004b 00000078 ffffffa6 ffffffd3     K...x...........
    5ca8:	00000000 0000002d 0000005a ffffff88     ....-...Z.......
    5cb8:	0000004b 00000078 ffffffa6 ffffffd3     K...x...........
    5cc8:	00000000 0000002d 0000005a ffffff88     ....-...Z.......
    5cd8:	ffffffb5 ffffffe2 0000000f 0000003c     ............<...
    5ce8:	00000069 ffffff97 ffffffc4 fffffff1     i...............
    5cf8:	ffffffb5 ffffffe2 0000000f 0000003c     ............<...
    5d08:	00000069 ffffff97 ffffffc4 fffffff1     i...............
    5d18:	ffffffb5 ffffffe2 0000000f 0000003c     ............<...
    5d28:	00000069 ffffff97 ffffffc4 fffffff1     i...............
    5d38:	ffffffb5 ffffffe2 0000000f 0000003c     ............<...
    5d48:	00000069 ffffff97 ffffffc4 fffffff1     i...............
    5d58:	ffffffb5 ffffffe2 0000000f 0000003c     ............<...
    5d68:	00000069 ffffff97 ffffffc4 fffffff1     i...............
    5d78:	ffffffb5 ffffffe2 0000000f 0000003c     ............<...
    5d88:	00000069 ffffff97 ffffffc4 fffffff1     i...............
    5d98:	ffffffb5 ffffffe2 0000000f 0000003c     ............<...
    5da8:	00000069 ffffff97 ffffffc4 fffffff1     i...............
    5db8:	ffffffb5 ffffffe2 0000000f 0000003c     ............<...
    5dc8:	00000069 ffffff97 ffffffc4 fffffff1     i...............
    5dd8:	ffffff88 ffffffb5 ffffffe2 0000000f     ................
    5de8:	0000003c 00000069 ffffff97 ffffffc4     <...i...........
    5df8:	ffffff88 ffffffb5 ffffffe2 0000000f     ................
    5e08:	0000003c 00000069 ffffff97 ffffffc4     <...i...........
    5e18:	ffffff88 ffffffb5 ffffffe2 0000000f     ................
    5e28:	0000003c 00000069 ffffff97 ffffffc4     <...i...........
    5e38:	ffffff88 ffffffb5 ffffffe2 0000000f     ................
    5e48:	0000003c 00000069 ffffff97 ffffffc4     <...i...........
    5e58:	ffffff88 ffffffb5 ffffffe2 0000000f     ................
    5e68:	0000003c 00000069 ffffff97 ffffffc4     <...i...........
    5e78:	ffffff88 ffffffb5 ffffffe2 0000000f     ................
    5e88:	0000003c 00000069 ffffff97 ffffffc4     <...i...........
    5e98:	ffffff88 ffffffb5 ffffffe2 0000000f     ................
    5ea8:	0000003c 00000069 ffffff97 ffffffc4     <...i...........
    5eb8:	ffffff88 ffffffb5 ffffffe2 0000000f     ................
    5ec8:	0000003c 00000069 ffffff97 ffffffc4     <...i...........
    5ed8:	ffffffc4 fffffff1 0000001e 0000004b     ............K...
    5ee8:	00000078 ffffffa6 ffffffd3 00000000     x...............
    5ef8:	ffffffc4 fffffff1 0000001e 0000004b     ............K...
    5f08:	00000078 ffffffa6 ffffffd3 00000000     x...............
    5f18:	ffffffc4 fffffff1 0000001e 0000004b     ............K...
    5f28:	00000078 ffffffa6 ffffffd3 00000000     x...............
    5f38:	ffffffc4 fffffff1 0000001e 0000004b     ............K...
    5f48:	00000078 ffffffa6 ffffffd3 00000000     x...............
    5f58:	ffffffc4 fffffff1 0000001e 0000004b     ............K...
    5f68:	00000078 ffffffa6 ffffffd3 00000000     x...............
    5f78:	ffffffc4 fffffff1 0000001e 0000004b     ............K...
    5f88:	00000078 ffffffa6 ffffffd3 00000000     x...............
    5f98:	ffffffc4 fffffff1 0000001e 0000004b     ............K...
    5fa8:	00000078 ffffffa6 ffffffd3 00000000     x...............
    5fb8:	ffffffc4 fffffff1 0000001e 0000004b     ............K...
    5fc8:	00000078 ffffffa6 ffffffd3 00000000     x...............
    5fd8:	00000000 00000012 00000024 ffffffd0     ........$.......
    5fe8:	ffffffe2 fffffff4 00000006 00000018     ................
    5ff8:	00000000 00000012 00000024 ffffffd0     ........$.......
    6008:	ffffffe2 fffffff4 00000006 00000018     ................
    6018:	00000000 00000012 00000024 ffffffd0     ........$.......
    6028:	ffffffe2 fffffff4 00000006 00000018     ................
    6038:	00000000 00000012 00000024 ffffffd0     ........$.......
    6048:	ffffffe2 fffffff4 00000006 00000018     ................
    6058:	00000000 00000012 00000024 ffffffd0     ........$.......
    6068:	ffffffe2 fffffff4 00000006 00000018     ................
    6078:	00000000 00000012 00000024 ffffffd0     ........$.......
    6088:	ffffffe2 fffffff4 00000006 00000018     ................
    6098:	00000000 00000012 00000024 ffffffd0     ........$.......
    60a8:	ffffffe2 fffffff4 00000006 00000018     ................
    60b8:	00000000 00000012 00000024 ffffffd0     ........$.......
    60c8:	ffffffe2 fffffff4 00000006 00000018     ................
    60d8:	0000002a ffffffd6 ffffffe8 fffffffa     *...............
    60e8:	0000000c 0000001e 00000030 ffffffdc     ........0.......
    60f8:	0000002a ffffffd6 ffffffe8 fffffffa     *...............
    6108:	0000000c 0000001e 00000030 ffffffdc     ........0.......
    6118:	0000002a ffffffd6 ffffffe8 fffffffa     *...............
    6128:	0000000c 0000001e 00000030 ffffffdc     ........0.......
    6138:	0000002a ffffffd6 ffffffe8 fffffffa     *...............
    6148:	0000000c 0000001e 00000030 ffffffdc     ........0.......
    6158:	0000002a ffffffd6 ffffffe8 fffffffa     *...............
    6168:	0000000c 0000001e 00000030 ffffffdc     ........0.......
    6178:	0000002a ffffffd6 ffffffe8 fffffffa     *...............
    6188:	0000000c 0000001e 00000030 ffffffdc     ........0.......
    6198:	0000002a ffffffd6 ffffffe8 fffffffa     *...............
    61a8:	0000000c 0000001e 00000030 ffffffdc     ........0.......
    61b8:	0000002a ffffffd6 ffffffe8 fffffffa     *...............
    61c8:	0000000c 0000001e 00000030 ffffffdc     ........0.......
    61d8:	0000004c 00000085 ffffff7b ffffffb4     L.......{.......
    61e8:	ffffffed 00000026 0000005f 00000098     ....&..._.......
    61f8:	0000004c 00000085 ffffff7b ffffffb4     L.......{.......
    6208:	ffffffed 00000026 0000005f 00000098     ....&..._.......
    6218:	0000004c 00000085 ffffff7b ffffffb4     L.......{.......
    6228:	ffffffed 00000026 0000005f 00000098     ....&..._.......
    6238:	0000004c 00000085 ffffff7b ffffffb4     L.......{.......
    6248:	ffffffed 00000026 0000005f 00000098     ....&..._.......
    6258:	0000004c 00000085 ffffff7b ffffffb4     L.......{.......
    6268:	ffffffed 00000026 0000005f 00000098     ....&..._.......
    6278:	0000004c 00000085 ffffff7b ffffffb4     L.......{.......
    6288:	ffffffed 00000026 0000005f 00000098     ....&..._.......
    6298:	0000004c 00000085 ffffff7b ffffffb4     L.......{.......
    62a8:	ffffffed 00000026 0000005f 00000098     ....&..._.......
    62b8:	0000004c 00000085 ffffff7b ffffffb4     L.......{.......
    62c8:	ffffffed 00000026 0000005f 00000098     ....&..._.......
    62d8:	ffffff8e ffffffc7 00000000 00000039     ............9...
    62e8:	00000072 ffffff68 ffffffa1 ffffffda     r...h...........
    62f8:	ffffff8e ffffffc7 00000000 00000039     ............9...
    6308:	00000072 ffffff68 ffffffa1 ffffffda     r...h...........
    6318:	ffffff8e ffffffc7 00000000 00000039     ............9...
    6328:	00000072 ffffff68 ffffffa1 ffffffda     r...h...........
    6338:	ffffff8e ffffffc7 00000000 00000039     ............9...
    6348:	00000072 ffffff68 ffffffa1 ffffffda     r...h...........
    6358:	ffffff8e ffffffc7 00000000 00000039     ............9...
    6368:	00000072 ffffff68 ffffffa1 ffffffda     r...h...........
    6378:	ffffff8e ffffffc7 00000000 00000039     ............9...
    6388:	00000072 ffffff68 ffffffa1 ffffffda     r...h...........
    6398:	ffffff8e ffffffc7 00000000 00000039     ............9...
    63a8:	00000072 ffffff68 ffffffa1 ffffffda     r...h...........
    63b8:	ffffff8e ffffffc7 00000000 00000039     ............9...
    63c8:	00000072 ffffff68 ffffffa1 ffffffda     r...h...........
    63d8:	00000013 0000004c 00000085 ffffff7b     ....L.......{...
    63e8:	ffffffb4 ffffffed 00000026 0000005f     ........&..._...
    63f8:	00000013 0000004c 00000085 ffffff7b     ....L.......{...
    6408:	ffffffb4 ffffffed 00000026 0000005f     ........&..._...
    6418:	00000013 0000004c 00000085 ffffff7b     ....L.......{...
    6428:	ffffffb4 ffffffed 00000026 0000005f     ........&..._...
    6438:	00000013 0000004c 00000085 ffffff7b     ....L.......{...
    6448:	ffffffb4 ffffffed 00000026 0000005f     ........&..._...
    6458:	00000013 0000004c 00000085 ffffff7b     ....L.......{...
    6468:	ffffffb4 ffffffed 00000026 0000005f     ........&..._...
    6478:	00000013 0000004c 00000085 ffffff7b     ....L.......{...
    6488:	ffffffb4 ffffffed 00000026 0000005f     ........&..._...
    6498:	00000013 0000004c 00000085 ffffff7b     ....L.......{...
    64a8:	ffffffb4 ffffffed 00000026 0000005f     ........&..._...
    64b8:	00000013 0000004c 00000085 ffffff7b     ....L.......{...
    64c8:	ffffffb4 ffffffed 00000026 0000005f     ........&..._...
    64d8:	00000098 ffffff8e ffffffc7 00000000     ................
    64e8:	00000039 00000072 ffffff68 ffffffa1     9...r...h.......
    64f8:	00000098 ffffff8e ffffffc7 00000000     ................
    6508:	00000039 00000072 ffffff68 ffffffa1     9...r...h.......
    6518:	00000098 ffffff8e ffffffc7 00000000     ................
    6528:	00000039 00000072 ffffff68 ffffffa1     9...r...h.......
    6538:	00000098 ffffff8e ffffffc7 00000000     ................
    6548:	00000039 00000072 ffffff68 ffffffa1     9...r...h.......
    6558:	00000098 ffffff8e ffffffc7 00000000     ................
    6568:	00000039 00000072 ffffff68 ffffffa1     9...r...h.......
    6578:	00000098 ffffff8e ffffffc7 00000000     ................
    6588:	00000039 00000072 ffffff68 ffffffa1     9...r...h.......
    6598:	00000098 ffffff8e ffffffc7 00000000     ................
    65a8:	00000039 00000072 ffffff68 ffffffa1     9...r...h.......
    65b8:	00000098 ffffff8e ffffffc7 00000000     ................
    65c8:	00000039 00000072 ffffff68 ffffffa1     9...r...h.......
    65d8:	00000098 ffffff8e ffffffc7 00000000     ................
    65e8:	00000039 00000072 ffffff68 ffffffa1     9...r...h.......
    65f8:	00000098 ffffff8e ffffffc7 00000000     ................
    6608:	00000039 00000072 ffffff68 ffffffa1     9...r...h.......
    6618:	00000098 ffffff8e ffffffc7 00000000     ................
    6628:	00000039 00000072 ffffff68 ffffffa1     9...r...h.......
    6638:	00000098 ffffff8e ffffffc7 00000000     ................
    6648:	00000039 00000072 ffffff68 ffffffa1     9...r...h.......
    6658:	00000098 ffffff8e ffffffc7 00000000     ................
    6668:	00000039 00000072 ffffff68 ffffffa1     9...r...h.......
    6678:	00000098 ffffff8e ffffffc7 00000000     ................
    6688:	00000039 00000072 ffffff68 ffffffa1     9...r...h.......
    6698:	00000098 ffffff8e ffffffc7 00000000     ................
    66a8:	00000039 00000072 ffffff68 ffffffa1     9...r...h.......
    66b8:	00000098 ffffff8e ffffffc7 00000000     ................
    66c8:	00000039 00000072 ffffff68 ffffffa1     9...r...h.......
    66d8:	ffffffda 00000013 0000004c 00000085     ........L.......
    66e8:	ffffff7b ffffffb4 ffffffed 00000026     {...........&...
    66f8:	ffffffda 00000013 0000004c 00000085     ........L.......
    6708:	ffffff7b ffffffb4 ffffffed 00000026     {...........&...
    6718:	ffffffda 00000013 0000004c 00000085     ........L.......
    6728:	ffffff7b ffffffb4 ffffffed 00000026     {...........&...
    6738:	ffffffda 00000013 0000004c 00000085     ........L.......
    6748:	ffffff7b ffffffb4 ffffffed 00000026     {...........&...
    6758:	ffffffda 00000013 0000004c 00000085     ........L.......
    6768:	ffffff7b ffffffb4 ffffffed 00000026     {...........&...
    6778:	ffffffda 00000013 0000004c 00000085     ........L.......
    6788:	ffffff7b ffffffb4 ffffffed 00000026     {...........&...
    6798:	ffffffda 00000013 0000004c 00000085     ........L.......
    67a8:	ffffff7b ffffffb4 ffffffed 00000026     {...........&...
    67b8:	ffffffda 00000013 0000004c 00000085     ........L.......
    67c8:	ffffff7b ffffffb4 ffffffed 00000026     {...........&...
    67d8:	0000005f 00000098 ffffff8e ffffffc7     _...............
    67e8:	00000000 00000039 00000072 ffffff68     ....9...r...h...
    67f8:	0000005f 00000098 ffffff8e ffffffc7     _...............
    6808:	00000000 00000039 00000072 ffffff68     ....9...r...h...
    6818:	0000005f 00000098 ffffff8e ffffffc7     _...............
    6828:	00000000 00000039 00000072 ffffff68     ....9...r...h...
    6838:	0000005f 00000098 ffffff8e ffffffc7     _...............
    6848:	00000000 00000039 00000072 ffffff68     ....9...r...h...
    6858:	0000005f 00000098 ffffff8e ffffffc7     _...............
    6868:	00000000 00000039 00000072 ffffff68     ....9...r...h...
    6878:	0000005f 00000098 ffffff8e ffffffc7     _...............
    6888:	00000000 00000039 00000072 ffffff68     ....9...r...h...
    6898:	0000005f 00000098 ffffff8e ffffffc7     _...............
    68a8:	00000000 00000039 00000072 ffffff68     ....9...r...h...
    68b8:	0000005f 00000098 ffffff8e ffffffc7     _...............
    68c8:	00000000 00000039 00000072 ffffff68     ....9...r...h...
    68d8:	ffffffa1 ffffffda 00000013 0000004c     ............L...
    68e8:	00000085 ffffff7b ffffffb4 ffffffed     ....{...........
    68f8:	ffffffa1 ffffffda 00000013 0000004c     ............L...
    6908:	00000085 ffffff7b ffffffb4 ffffffed     ....{...........
    6918:	ffffffa1 ffffffda 00000013 0000004c     ............L...
    6928:	00000085 ffffff7b ffffffb4 ffffffed     ....{...........
    6938:	ffffffa1 ffffffda 00000013 0000004c     ............L...
    6948:	00000085 ffffff7b ffffffb4 ffffffed     ....{...........
    6958:	ffffffa1 ffffffda 00000013 0000004c     ............L...
    6968:	00000085 ffffff7b ffffffb4 ffffffed     ....{...........
    6978:	ffffffa1 ffffffda 00000013 0000004c     ............L...
    6988:	00000085 ffffff7b ffffffb4 ffffffed     ....{...........
    6998:	ffffffa1 ffffffda 00000013 0000004c     ............L...
    69a8:	00000085 ffffff7b ffffffb4 ffffffed     ....{...........
    69b8:	ffffffa1 ffffffda 00000013 0000004c     ............L...
    69c8:	00000085 ffffff7b ffffffb4 ffffffed     ....{...........
    69d8:	ffffffd8 fffffff0 00000008 00000020     ............ ...
    69e8:	00000038 ffffffc8 ffffffe0 fffffff8     8...............
    69f8:	ffffffd8 fffffff0 00000008 00000020     ............ ...
    6a08:	00000038 ffffffc8 ffffffe0 fffffff8     8...............
    6a18:	ffffffd8 fffffff0 00000008 00000020     ............ ...
    6a28:	00000038 ffffffc8 ffffffe0 fffffff8     8...............
    6a38:	ffffffd8 fffffff0 00000008 00000020     ............ ...
    6a48:	00000038 ffffffc8 ffffffe0 fffffff8     8...............
    6a58:	ffffffd8 fffffff0 00000008 00000020     ............ ...
    6a68:	00000038 ffffffc8 ffffffe0 fffffff8     8...............
    6a78:	ffffffd8 fffffff0 00000008 00000020     ............ ...
    6a88:	00000038 ffffffc8 ffffffe0 fffffff8     8...............
    6a98:	ffffffd8 fffffff0 00000008 00000020     ............ ...
    6aa8:	00000038 ffffffc8 ffffffe0 fffffff8     8...............
    6ab8:	ffffffd8 fffffff0 00000008 00000020     ............ ...
    6ac8:	00000038 ffffffc8 ffffffe0 fffffff8     8...............
    6ad8:	00000010 00000028 00000040 ffffffd0     ....(...@.......
    6ae8:	ffffffe8 00000000 00000018 00000030     ............0...
    6af8:	00000010 00000028 00000040 ffffffd0     ....(...@.......
    6b08:	ffffffe8 00000000 00000018 00000030     ............0...
    6b18:	00000010 00000028 00000040 ffffffd0     ....(...@.......
    6b28:	ffffffe8 00000000 00000018 00000030     ............0...
    6b38:	00000010 00000028 00000040 ffffffd0     ....(...@.......
    6b48:	ffffffe8 00000000 00000018 00000030     ............0...
    6b58:	00000010 00000028 00000040 ffffffd0     ....(...@.......
    6b68:	ffffffe8 00000000 00000018 00000030     ............0...
    6b78:	00000010 00000028 00000040 ffffffd0     ....(...@.......
    6b88:	ffffffe8 00000000 00000018 00000030     ............0...
    6b98:	00000010 00000028 00000040 ffffffd0     ....(...@.......
    6ba8:	ffffffe8 00000000 00000018 00000030     ............0...
    6bb8:	00000010 00000028 00000040 ffffffd0     ....(...@.......
    6bc8:	ffffffe8 00000000 00000018 00000030     ............0...

00006bd8 <transformer_tinyllama_b0_matrix_subgraph_b>:
    6bd8:	000000fb 000000f8 00000006 00000003     ................
    6be8:	00000000 000000fd 000000fa 00000008     ................
    6bf8:	000000fb 000000f8 00000006 00000003     ................
    6c08:	00000000 000000fd 000000fa 00000008     ................
    6c18:	000000fb 000000f8 00000006 00000003     ................
    6c28:	00000000 000000fd 000000fa 00000008     ................
    6c38:	000000fb 000000f8 00000006 00000003     ................
    6c48:	00000000 000000fd 000000fa 00000008     ................
    6c58:	000000fb 000000f8 00000006 00000003     ................
    6c68:	00000000 000000fd 000000fa 00000008     ................
    6c78:	000000fb 000000f8 00000006 00000003     ................
    6c88:	00000000 000000fd 000000fa 00000008     ................
    6c98:	000000fb 000000f8 00000006 00000003     ................
    6ca8:	00000000 000000fd 000000fa 00000008     ................
    6cb8:	000000fb 000000f8 00000006 00000003     ................
    6cc8:	00000000 000000fd 000000fa 00000008     ................
    6cd8:	000000fb 000000f8 00000006 00000003     ................
    6ce8:	00000000 000000fd 000000fa 00000008     ................
    6cf8:	000000fb 000000f8 00000006 00000003     ................
    6d08:	00000000 000000fd 000000fa 00000008     ................
    6d18:	000000fb 000000f8 00000006 00000003     ................
    6d28:	00000000 000000fd 000000fa 00000008     ................
    6d38:	000000fb 000000f8 00000006 00000003     ................
    6d48:	00000000 000000fd 000000fa 00000008     ................
    6d58:	000000fb 000000f8 00000006 00000003     ................
    6d68:	00000000 000000fd 000000fa 00000008     ................
    6d78:	000000fb 000000f8 00000006 00000003     ................
    6d88:	00000000 000000fd 000000fa 00000008     ................
    6d98:	000000fb 000000f8 00000006 00000003     ................
    6da8:	00000000 000000fd 000000fa 00000008     ................
    6db8:	000000fb 000000f8 00000006 00000003     ................
    6dc8:	00000000 000000fd 000000fa 00000008     ................
	...
    6fd8:	00000005 00000002 000000ff 000000fc     ................
    6fe8:	000000f9 00000007 00000004 00000001     ................
    6ff8:	00000005 00000002 000000ff 000000fc     ................
    7008:	000000f9 00000007 00000004 00000001     ................
    7018:	00000005 00000002 000000ff 000000fc     ................
    7028:	000000f9 00000007 00000004 00000001     ................
    7038:	00000005 00000002 000000ff 000000fc     ................
    7048:	000000f9 00000007 00000004 00000001     ................
    7058:	00000005 00000002 000000ff 000000fc     ................
    7068:	000000f9 00000007 00000004 00000001     ................
    7078:	00000005 00000002 000000ff 000000fc     ................
    7088:	000000f9 00000007 00000004 00000001     ................
    7098:	00000005 00000002 000000ff 000000fc     ................
    70a8:	000000f9 00000007 00000004 00000001     ................
    70b8:	00000005 00000002 000000ff 000000fc     ................
    70c8:	000000f9 00000007 00000004 00000001     ................
    70d8:	00000005 00000002 000000ff 000000fc     ................
    70e8:	000000f9 00000007 00000004 00000001     ................
    70f8:	00000005 00000002 000000ff 000000fc     ................
    7108:	000000f9 00000007 00000004 00000001     ................
    7118:	00000005 00000002 000000ff 000000fc     ................
    7128:	000000f9 00000007 00000004 00000001     ................
    7138:	00000005 00000002 000000ff 000000fc     ................
    7148:	000000f9 00000007 00000004 00000001     ................
    7158:	00000005 00000002 000000ff 000000fc     ................
    7168:	000000f9 00000007 00000004 00000001     ................
    7178:	00000005 00000002 000000ff 000000fc     ................
    7188:	000000f9 00000007 00000004 00000001     ................
    7198:	00000005 00000002 000000ff 000000fc     ................
    71a8:	000000f9 00000007 00000004 00000001     ................
    71b8:	00000005 00000002 000000ff 000000fc     ................
    71c8:	000000f9 00000007 00000004 00000001     ................
	...
    73d8:	00000008 00000005 00000002 000000ff     ................
    73e8:	000000fc 000000f9 00000007 00000004     ................
    73f8:	00000008 00000005 00000002 000000ff     ................
    7408:	000000fc 000000f9 00000007 00000004     ................
    7418:	00000008 00000005 00000002 000000ff     ................
    7428:	000000fc 000000f9 00000007 00000004     ................
    7438:	00000008 00000005 00000002 000000ff     ................
    7448:	000000fc 000000f9 00000007 00000004     ................
    7458:	00000008 00000005 00000002 000000ff     ................
    7468:	000000fc 000000f9 00000007 00000004     ................
    7478:	00000008 00000005 00000002 000000ff     ................
    7488:	000000fc 000000f9 00000007 00000004     ................
    7498:	00000008 00000005 00000002 000000ff     ................
    74a8:	000000fc 000000f9 00000007 00000004     ................
    74b8:	00000008 00000005 00000002 000000ff     ................
    74c8:	000000fc 000000f9 00000007 00000004     ................
    74d8:	00000008 00000005 00000002 000000ff     ................
    74e8:	000000fc 000000f9 00000007 00000004     ................
    74f8:	00000008 00000005 00000002 000000ff     ................
    7508:	000000fc 000000f9 00000007 00000004     ................
    7518:	00000008 00000005 00000002 000000ff     ................
    7528:	000000fc 000000f9 00000007 00000004     ................
    7538:	00000008 00000005 00000002 000000ff     ................
    7548:	000000fc 000000f9 00000007 00000004     ................
    7558:	00000008 00000005 00000002 000000ff     ................
    7568:	000000fc 000000f9 00000007 00000004     ................
    7578:	00000008 00000005 00000002 000000ff     ................
    7588:	000000fc 000000f9 00000007 00000004     ................
    7598:	00000008 00000005 00000002 000000ff     ................
    75a8:	000000fc 000000f9 00000007 00000004     ................
    75b8:	00000008 00000005 00000002 000000ff     ................
    75c8:	000000fc 000000f9 00000007 00000004     ................
	...
    77d8:	00000004 00000001 000000fe 000000fb     ................
    77e8:	000000f8 00000006 00000003 00000000     ................
    77f8:	00000004 00000001 000000fe 000000fb     ................
    7808:	000000f8 00000006 00000003 00000000     ................
    7818:	00000004 00000001 000000fe 000000fb     ................
    7828:	000000f8 00000006 00000003 00000000     ................
    7838:	00000004 00000001 000000fe 000000fb     ................
    7848:	000000f8 00000006 00000003 00000000     ................
    7858:	00000004 00000001 000000fe 000000fb     ................
    7868:	000000f8 00000006 00000003 00000000     ................
    7878:	00000004 00000001 000000fe 000000fb     ................
    7888:	000000f8 00000006 00000003 00000000     ................
    7898:	00000004 00000001 000000fe 000000fb     ................
    78a8:	000000f8 00000006 00000003 00000000     ................
    78b8:	00000004 00000001 000000fe 000000fb     ................
    78c8:	000000f8 00000006 00000003 00000000     ................
    78d8:	00000004 00000001 000000fe 000000fb     ................
    78e8:	000000f8 00000006 00000003 00000000     ................
    78f8:	00000004 00000001 000000fe 000000fb     ................
    7908:	000000f8 00000006 00000003 00000000     ................
    7918:	00000004 00000001 000000fe 000000fb     ................
    7928:	000000f8 00000006 00000003 00000000     ................
    7938:	00000004 00000001 000000fe 000000fb     ................
    7948:	000000f8 00000006 00000003 00000000     ................
    7958:	00000004 00000001 000000fe 000000fb     ................
    7968:	000000f8 00000006 00000003 00000000     ................
    7978:	00000004 00000001 000000fe 000000fb     ................
    7988:	000000f8 00000006 00000003 00000000     ................
    7998:	00000004 00000001 000000fe 000000fb     ................
    79a8:	000000f8 00000006 00000003 00000000     ................
    79b8:	00000004 00000001 000000fe 000000fb     ................
    79c8:	000000f8 00000006 00000003 00000000     ................
	...
    7bdc:	000000fd 000000fa 00000008 00000005     ................
    7bec:	00000002 000000ff 000000fc 00000000     ................
    7bfc:	000000fd 000000fa 00000008 00000005     ................
    7c0c:	00000002 000000ff 000000fc 00000000     ................
    7c1c:	000000fd 000000fa 00000008 00000005     ................
    7c2c:	00000002 000000ff 000000fc 00000000     ................
    7c3c:	000000fd 000000fa 00000008 00000005     ................
    7c4c:	00000002 000000ff 000000fc 00000000     ................
    7c5c:	000000fd 000000fa 00000008 00000005     ................
    7c6c:	00000002 000000ff 000000fc 00000000     ................
    7c7c:	000000fd 000000fa 00000008 00000005     ................
    7c8c:	00000002 000000ff 000000fc 00000000     ................
    7c9c:	000000fd 000000fa 00000008 00000005     ................
    7cac:	00000002 000000ff 000000fc 00000000     ................
    7cbc:	000000fd 000000fa 00000008 00000005     ................
    7ccc:	00000002 000000ff 000000fc 00000000     ................
    7cdc:	000000fd 000000fa 00000008 00000005     ................
    7cec:	00000002 000000ff 000000fc 00000000     ................
    7cfc:	000000fd 000000fa 00000008 00000005     ................
    7d0c:	00000002 000000ff 000000fc 00000000     ................
    7d1c:	000000fd 000000fa 00000008 00000005     ................
    7d2c:	00000002 000000ff 000000fc 00000000     ................
    7d3c:	000000fd 000000fa 00000008 00000005     ................
    7d4c:	00000002 000000ff 000000fc 00000000     ................
    7d5c:	000000fd 000000fa 00000008 00000005     ................
    7d6c:	00000002 000000ff 000000fc 00000000     ................
    7d7c:	000000fd 000000fa 00000008 00000005     ................
    7d8c:	00000002 000000ff 000000fc 00000000     ................
    7d9c:	000000fd 000000fa 00000008 00000005     ................
    7dac:	00000002 000000ff 000000fc 00000000     ................
    7dbc:	000000fd 000000fa 00000008 00000005     ................
    7dcc:	00000002 000000ff 000000fc 00000000     ................
	...
    7fd8:	000000f9 00000007 00000004 00000001     ................
    7fe8:	000000fe 000000fb 000000f8 00000006     ................
    7ff8:	000000f9 00000007 00000004 00000001     ................
    8008:	000000fe 000000fb 000000f8 00000006     ................
    8018:	000000f9 00000007 00000004 00000001     ................
    8028:	000000fe 000000fb 000000f8 00000006     ................
    8038:	000000f9 00000007 00000004 00000001     ................
    8048:	000000fe 000000fb 000000f8 00000006     ................
    8058:	000000f9 00000007 00000004 00000001     ................
    8068:	000000fe 000000fb 000000f8 00000006     ................
    8078:	000000f9 00000007 00000004 00000001     ................
    8088:	000000fe 000000fb 000000f8 00000006     ................
    8098:	000000f9 00000007 00000004 00000001     ................
    80a8:	000000fe 000000fb 000000f8 00000006     ................
    80b8:	000000f9 00000007 00000004 00000001     ................
    80c8:	000000fe 000000fb 000000f8 00000006     ................
    80d8:	000000f9 00000007 00000004 00000001     ................
    80e8:	000000fe 000000fb 000000f8 00000006     ................
    80f8:	000000f9 00000007 00000004 00000001     ................
    8108:	000000fe 000000fb 000000f8 00000006     ................
    8118:	000000f9 00000007 00000004 00000001     ................
    8128:	000000fe 000000fb 000000f8 00000006     ................
    8138:	000000f9 00000007 00000004 00000001     ................
    8148:	000000fe 000000fb 000000f8 00000006     ................
    8158:	000000f9 00000007 00000004 00000001     ................
    8168:	000000fe 000000fb 000000f8 00000006     ................
    8178:	000000f9 00000007 00000004 00000001     ................
    8188:	000000fe 000000fb 000000f8 00000006     ................
    8198:	000000f9 00000007 00000004 00000001     ................
    81a8:	000000fe 000000fb 000000f8 00000006     ................
    81b8:	000000f9 00000007 00000004 00000001     ................
    81c8:	000000fe 000000fb 000000f8 00000006     ................
	...
    83d8:	000000fc 000000f9 00000007 00000004     ................
    83e8:	00000001 000000fe 000000fb 000000f8     ................
    83f8:	000000fc 000000f9 00000007 00000004     ................
    8408:	00000001 000000fe 000000fb 000000f8     ................
    8418:	000000fc 000000f9 00000007 00000004     ................
    8428:	00000001 000000fe 000000fb 000000f8     ................
    8438:	000000fc 000000f9 00000007 00000004     ................
    8448:	00000001 000000fe 000000fb 000000f8     ................
    8458:	000000fc 000000f9 00000007 00000004     ................
    8468:	00000001 000000fe 000000fb 000000f8     ................
    8478:	000000fc 000000f9 00000007 00000004     ................
    8488:	00000001 000000fe 000000fb 000000f8     ................
    8498:	000000fc 000000f9 00000007 00000004     ................
    84a8:	00000001 000000fe 000000fb 000000f8     ................
    84b8:	000000fc 000000f9 00000007 00000004     ................
    84c8:	00000001 000000fe 000000fb 000000f8     ................
    84d8:	000000fc 000000f9 00000007 00000004     ................
    84e8:	00000001 000000fe 000000fb 000000f8     ................
    84f8:	000000fc 000000f9 00000007 00000004     ................
    8508:	00000001 000000fe 000000fb 000000f8     ................
    8518:	000000fc 000000f9 00000007 00000004     ................
    8528:	00000001 000000fe 000000fb 000000f8     ................
    8538:	000000fc 000000f9 00000007 00000004     ................
    8548:	00000001 000000fe 000000fb 000000f8     ................
    8558:	000000fc 000000f9 00000007 00000004     ................
    8568:	00000001 000000fe 000000fb 000000f8     ................
    8578:	000000fc 000000f9 00000007 00000004     ................
    8588:	00000001 000000fe 000000fb 000000f8     ................
    8598:	000000fc 000000f9 00000007 00000004     ................
    85a8:	00000001 000000fe 000000fb 000000f8     ................
    85b8:	000000fc 000000f9 00000007 00000004     ................
    85c8:	00000001 000000fe 000000fb 000000f8     ................
	...
    87d8:	00000006 00000003 00000000 000000fd     ................
    87e8:	000000fa 00000008 00000005 00000002     ................
    87f8:	00000006 00000003 00000000 000000fd     ................
    8808:	000000fa 00000008 00000005 00000002     ................
    8818:	00000006 00000003 00000000 000000fd     ................
    8828:	000000fa 00000008 00000005 00000002     ................
    8838:	00000006 00000003 00000000 000000fd     ................
    8848:	000000fa 00000008 00000005 00000002     ................
    8858:	00000006 00000003 00000000 000000fd     ................
    8868:	000000fa 00000008 00000005 00000002     ................
    8878:	00000006 00000003 00000000 000000fd     ................
    8888:	000000fa 00000008 00000005 00000002     ................
    8898:	00000006 00000003 00000000 000000fd     ................
    88a8:	000000fa 00000008 00000005 00000002     ................
    88b8:	00000006 00000003 00000000 000000fd     ................
    88c8:	000000fa 00000008 00000005 00000002     ................
    88d8:	00000006 00000003 00000000 000000fd     ................
    88e8:	000000fa 00000008 00000005 00000002     ................
    88f8:	00000006 00000003 00000000 000000fd     ................
    8908:	000000fa 00000008 00000005 00000002     ................
    8918:	00000006 00000003 00000000 000000fd     ................
    8928:	000000fa 00000008 00000005 00000002     ................
    8938:	00000006 00000003 00000000 000000fd     ................
    8948:	000000fa 00000008 00000005 00000002     ................
    8958:	00000006 00000003 00000000 000000fd     ................
    8968:	000000fa 00000008 00000005 00000002     ................
    8978:	00000006 00000003 00000000 000000fd     ................
    8988:	000000fa 00000008 00000005 00000002     ................
    8998:	00000006 00000003 00000000 000000fd     ................
    89a8:	000000fa 00000008 00000005 00000002     ................
    89b8:	00000006 00000003 00000000 000000fd     ................
    89c8:	000000fa 00000008 00000005 00000002     ................
	...
    8bd8:	000000ff 000000fc 000000f9 00000007     ................
    8be8:	00000004 00000001 000000fe 000000fb     ................
    8bf8:	000000ff 000000fc 000000f9 00000007     ................
    8c08:	00000004 00000001 000000fe 000000fb     ................
    8c18:	000000ff 000000fc 000000f9 00000007     ................
    8c28:	00000004 00000001 000000fe 000000fb     ................
    8c38:	000000ff 000000fc 000000f9 00000007     ................
    8c48:	00000004 00000001 000000fe 000000fb     ................
    8c58:	000000ff 000000fc 000000f9 00000007     ................
    8c68:	00000004 00000001 000000fe 000000fb     ................
    8c78:	000000ff 000000fc 000000f9 00000007     ................
    8c88:	00000004 00000001 000000fe 000000fb     ................
    8c98:	000000ff 000000fc 000000f9 00000007     ................
    8ca8:	00000004 00000001 000000fe 000000fb     ................
    8cb8:	000000ff 000000fc 000000f9 00000007     ................
    8cc8:	00000004 00000001 000000fe 000000fb     ................
    8cd8:	000000ff 000000fc 000000f9 00000007     ................
    8ce8:	00000004 00000001 000000fe 000000fb     ................
    8cf8:	000000ff 000000fc 000000f9 00000007     ................
    8d08:	00000004 00000001 000000fe 000000fb     ................
    8d18:	000000ff 000000fc 000000f9 00000007     ................
    8d28:	00000004 00000001 000000fe 000000fb     ................
    8d38:	000000ff 000000fc 000000f9 00000007     ................
    8d48:	00000004 00000001 000000fe 000000fb     ................
    8d58:	000000ff 000000fc 000000f9 00000007     ................
    8d68:	00000004 00000001 000000fe 000000fb     ................
    8d78:	000000ff 000000fc 000000f9 00000007     ................
    8d88:	00000004 00000001 000000fe 000000fb     ................
    8d98:	000000ff 000000fc 000000f9 00000007     ................
    8da8:	00000004 00000001 000000fe 000000fb     ................
    8db8:	000000ff 000000fc 000000f9 00000007     ................
    8dc8:	00000004 00000001 000000fe 000000fb     ................
	...
    8fd8:	000000f8 00000006 00000003 00000000     ................
    8fe8:	000000fd 000000fa 00000008 00000005     ................
    8ff8:	000000f8 00000006 00000003 00000000     ................
    9008:	000000fd 000000fa 00000008 00000005     ................
    9018:	000000f8 00000006 00000003 00000000     ................
    9028:	000000fd 000000fa 00000008 00000005     ................
    9038:	000000f8 00000006 00000003 00000000     ................
    9048:	000000fd 000000fa 00000008 00000005     ................
    9058:	000000f8 00000006 00000003 00000000     ................
    9068:	000000fd 000000fa 00000008 00000005     ................
    9078:	000000f8 00000006 00000003 00000000     ................
    9088:	000000fd 000000fa 00000008 00000005     ................
    9098:	000000f8 00000006 00000003 00000000     ................
    90a8:	000000fd 000000fa 00000008 00000005     ................
    90b8:	000000f8 00000006 00000003 00000000     ................
    90c8:	000000fd 000000fa 00000008 00000005     ................
    90d8:	000000f8 00000006 00000003 00000000     ................
    90e8:	000000fd 000000fa 00000008 00000005     ................
    90f8:	000000f8 00000006 00000003 00000000     ................
    9108:	000000fd 000000fa 00000008 00000005     ................
    9118:	000000f8 00000006 00000003 00000000     ................
    9128:	000000fd 000000fa 00000008 00000005     ................
    9138:	000000f8 00000006 00000003 00000000     ................
    9148:	000000fd 000000fa 00000008 00000005     ................
    9158:	000000f8 00000006 00000003 00000000     ................
    9168:	000000fd 000000fa 00000008 00000005     ................
    9178:	000000f8 00000006 00000003 00000000     ................
    9188:	000000fd 000000fa 00000008 00000005     ................
    9198:	000000f8 00000006 00000003 00000000     ................
    91a8:	000000fd 000000fa 00000008 00000005     ................
    91b8:	000000f8 00000006 00000003 00000000     ................
    91c8:	000000fd 000000fa 00000008 00000005     ................
	...
    93d8:	000000f8 00000006 00000003 00000000     ................
    93e8:	000000fd 000000fa 00000008 00000005     ................
    93f8:	000000f8 00000006 00000003 00000000     ................
    9408:	000000fd 000000fa 00000008 00000005     ................
    9418:	000000f8 00000006 00000003 00000000     ................
    9428:	000000fd 000000fa 00000008 00000005     ................
    9438:	000000f8 00000006 00000003 00000000     ................
    9448:	000000fd 000000fa 00000008 00000005     ................
    9458:	000000f8 00000006 00000003 00000000     ................
    9468:	000000fd 000000fa 00000008 00000005     ................
    9478:	000000f8 00000006 00000003 00000000     ................
    9488:	000000fd 000000fa 00000008 00000005     ................
    9498:	000000f8 00000006 00000003 00000000     ................
    94a8:	000000fd 000000fa 00000008 00000005     ................
    94b8:	000000f8 00000006 00000003 00000000     ................
    94c8:	000000fd 000000fa 00000008 00000005     ................
    94d8:	000000f8 00000006 00000003 00000000     ................
    94e8:	000000fd 000000fa 00000008 00000005     ................
    94f8:	000000f8 00000006 00000003 00000000     ................
    9508:	000000fd 000000fa 00000008 00000005     ................
    9518:	000000f8 00000006 00000003 00000000     ................
    9528:	000000fd 000000fa 00000008 00000005     ................
    9538:	000000f8 00000006 00000003 00000000     ................
    9548:	000000fd 000000fa 00000008 00000005     ................
    9558:	000000f8 00000006 00000003 00000000     ................
    9568:	000000fd 000000fa 00000008 00000005     ................
    9578:	000000f8 00000006 00000003 00000000     ................
    9588:	000000fd 000000fa 00000008 00000005     ................
    9598:	000000f8 00000006 00000003 00000000     ................
    95a8:	000000fd 000000fa 00000008 00000005     ................
    95b8:	000000f8 00000006 00000003 00000000     ................
    95c8:	000000fd 000000fa 00000008 00000005     ................
	...
    97d8:	00000002 000000ff 000000fc 000000f9     ................
    97e8:	00000007 00000004 00000001 000000fe     ................
    97f8:	00000002 000000ff 000000fc 000000f9     ................
    9808:	00000007 00000004 00000001 000000fe     ................
    9818:	00000002 000000ff 000000fc 000000f9     ................
    9828:	00000007 00000004 00000001 000000fe     ................
    9838:	00000002 000000ff 000000fc 000000f9     ................
    9848:	00000007 00000004 00000001 000000fe     ................
    9858:	00000002 000000ff 000000fc 000000f9     ................
    9868:	00000007 00000004 00000001 000000fe     ................
    9878:	00000002 000000ff 000000fc 000000f9     ................
    9888:	00000007 00000004 00000001 000000fe     ................
    9898:	00000002 000000ff 000000fc 000000f9     ................
    98a8:	00000007 00000004 00000001 000000fe     ................
    98b8:	00000002 000000ff 000000fc 000000f9     ................
    98c8:	00000007 00000004 00000001 000000fe     ................
    98d8:	00000002 000000ff 000000fc 000000f9     ................
    98e8:	00000007 00000004 00000001 000000fe     ................
    98f8:	00000002 000000ff 000000fc 000000f9     ................
    9908:	00000007 00000004 00000001 000000fe     ................
    9918:	00000002 000000ff 000000fc 000000f9     ................
    9928:	00000007 00000004 00000001 000000fe     ................
    9938:	00000002 000000ff 000000fc 000000f9     ................
    9948:	00000007 00000004 00000001 000000fe     ................
    9958:	00000002 000000ff 000000fc 000000f9     ................
    9968:	00000007 00000004 00000001 000000fe     ................
    9978:	00000002 000000ff 000000fc 000000f9     ................
    9988:	00000007 00000004 00000001 000000fe     ................
    9998:	00000002 000000ff 000000fc 000000f9     ................
    99a8:	00000007 00000004 00000001 000000fe     ................
    99b8:	00000002 000000ff 000000fc 000000f9     ................
    99c8:	00000007 00000004 00000001 000000fe     ................
	...
    9bd8:	000000fb 000000f8 00000006 00000003     ................
    9be8:	00000000 000000fd 000000fa 00000008     ................
    9bf8:	000000fb 000000f8 00000006 00000003     ................
    9c08:	00000000 000000fd 000000fa 00000008     ................
    9c18:	000000fb 000000f8 00000006 00000003     ................
    9c28:	00000000 000000fd 000000fa 00000008     ................
    9c38:	000000fb 000000f8 00000006 00000003     ................
    9c48:	00000000 000000fd 000000fa 00000008     ................
    9c58:	000000fb 000000f8 00000006 00000003     ................
    9c68:	00000000 000000fd 000000fa 00000008     ................
    9c78:	000000fb 000000f8 00000006 00000003     ................
    9c88:	00000000 000000fd 000000fa 00000008     ................
    9c98:	000000fb 000000f8 00000006 00000003     ................
    9ca8:	00000000 000000fd 000000fa 00000008     ................
    9cb8:	000000fb 000000f8 00000006 00000003     ................
    9cc8:	00000000 000000fd 000000fa 00000008     ................
    9cd8:	000000fb 000000f8 00000006 00000003     ................
    9ce8:	00000000 000000fd 000000fa 00000008     ................
    9cf8:	000000fb 000000f8 00000006 00000003     ................
    9d08:	00000000 000000fd 000000fa 00000008     ................
    9d18:	000000fb 000000f8 00000006 00000003     ................
    9d28:	00000000 000000fd 000000fa 00000008     ................
    9d38:	000000fb 000000f8 00000006 00000003     ................
    9d48:	00000000 000000fd 000000fa 00000008     ................
    9d58:	000000fb 000000f8 00000006 00000003     ................
    9d68:	00000000 000000fd 000000fa 00000008     ................
    9d78:	000000fb 000000f8 00000006 00000003     ................
    9d88:	00000000 000000fd 000000fa 00000008     ................
    9d98:	000000fb 000000f8 00000006 00000003     ................
    9da8:	00000000 000000fd 000000fa 00000008     ................
    9db8:	000000fb 000000f8 00000006 00000003     ................
    9dc8:	00000000 000000fd 000000fa 00000008     ................
	...
    9fd8:	00000005 00000002 000000ff 000000fc     ................
    9fe8:	000000f9 00000007 00000004 00000001     ................
    9ff8:	00000005 00000002 000000ff 000000fc     ................
    a008:	000000f9 00000007 00000004 00000001     ................
    a018:	00000005 00000002 000000ff 000000fc     ................
    a028:	000000f9 00000007 00000004 00000001     ................
    a038:	00000005 00000002 000000ff 000000fc     ................
    a048:	000000f9 00000007 00000004 00000001     ................
    a058:	00000005 00000002 000000ff 000000fc     ................
    a068:	000000f9 00000007 00000004 00000001     ................
    a078:	00000005 00000002 000000ff 000000fc     ................
    a088:	000000f9 00000007 00000004 00000001     ................
    a098:	00000005 00000002 000000ff 000000fc     ................
    a0a8:	000000f9 00000007 00000004 00000001     ................
    a0b8:	00000005 00000002 000000ff 000000fc     ................
    a0c8:	000000f9 00000007 00000004 00000001     ................
    a0d8:	00000005 00000002 000000ff 000000fc     ................
    a0e8:	000000f9 00000007 00000004 00000001     ................
    a0f8:	00000005 00000002 000000ff 000000fc     ................
    a108:	000000f9 00000007 00000004 00000001     ................
    a118:	00000005 00000002 000000ff 000000fc     ................
    a128:	000000f9 00000007 00000004 00000001     ................
    a138:	00000005 00000002 000000ff 000000fc     ................
    a148:	000000f9 00000007 00000004 00000001     ................
    a158:	00000005 00000002 000000ff 000000fc     ................
    a168:	000000f9 00000007 00000004 00000001     ................
    a178:	00000005 00000002 000000ff 000000fc     ................
    a188:	000000f9 00000007 00000004 00000001     ................
    a198:	00000005 00000002 000000ff 000000fc     ................
    a1a8:	000000f9 00000007 00000004 00000001     ................
    a1b8:	00000005 00000002 000000ff 000000fc     ................
    a1c8:	000000f9 00000007 00000004 00000001     ................
	...
    a3d8:	00000005 00000002 000000ff 000000fc     ................
    a3e8:	000000f9 00000007 00000004 00000001     ................
    a3f8:	00000005 00000002 000000ff 000000fc     ................
    a408:	000000f9 00000007 00000004 00000001     ................
    a418:	00000005 00000002 000000ff 000000fc     ................
    a428:	000000f9 00000007 00000004 00000001     ................
    a438:	00000005 00000002 000000ff 000000fc     ................
    a448:	000000f9 00000007 00000004 00000001     ................
    a458:	00000005 00000002 000000ff 000000fc     ................
    a468:	000000f9 00000007 00000004 00000001     ................
    a478:	00000005 00000002 000000ff 000000fc     ................
    a488:	000000f9 00000007 00000004 00000001     ................
    a498:	00000005 00000002 000000ff 000000fc     ................
    a4a8:	000000f9 00000007 00000004 00000001     ................
    a4b8:	00000005 00000002 000000ff 000000fc     ................
    a4c8:	000000f9 00000007 00000004 00000001     ................
    a4d8:	00000005 00000002 000000ff 000000fc     ................
    a4e8:	000000f9 00000007 00000004 00000001     ................
    a4f8:	00000005 00000002 000000ff 000000fc     ................
    a508:	000000f9 00000007 00000004 00000001     ................
    a518:	00000005 00000002 000000ff 000000fc     ................
    a528:	000000f9 00000007 00000004 00000001     ................
    a538:	00000005 00000002 000000ff 000000fc     ................
    a548:	000000f9 00000007 00000004 00000001     ................
    a558:	00000005 00000002 000000ff 000000fc     ................
    a568:	000000f9 00000007 00000004 00000001     ................
    a578:	00000005 00000002 000000ff 000000fc     ................
    a588:	000000f9 00000007 00000004 00000001     ................
    a598:	00000005 00000002 000000ff 000000fc     ................
    a5a8:	000000f9 00000007 00000004 00000001     ................
    a5b8:	00000005 00000002 000000ff 000000fc     ................
    a5c8:	000000f9 00000007 00000004 00000001     ................
    a5d8:	00000005 00000002 000000ff 000000fc     ................
    a5e8:	000000f9 00000007 00000004 00000001     ................
    a5f8:	00000005 00000002 000000ff 000000fc     ................
    a608:	000000f9 00000007 00000004 00000001     ................
    a618:	00000005 00000002 000000ff 000000fc     ................
    a628:	000000f9 00000007 00000004 00000001     ................
    a638:	00000005 00000002 000000ff 000000fc     ................
    a648:	000000f9 00000007 00000004 00000001     ................
    a658:	00000005 00000002 000000ff 000000fc     ................
    a668:	000000f9 00000007 00000004 00000001     ................
    a678:	00000005 00000002 000000ff 000000fc     ................
    a688:	000000f9 00000007 00000004 00000001     ................
    a698:	00000005 00000002 000000ff 000000fc     ................
    a6a8:	000000f9 00000007 00000004 00000001     ................
    a6b8:	00000005 00000002 000000ff 000000fc     ................
    a6c8:	000000f9 00000007 00000004 00000001     ................
    a6d8:	00000005 00000002 000000ff 000000fc     ................
    a6e8:	000000f9 00000007 00000004 00000001     ................
    a6f8:	00000005 00000002 000000ff 000000fc     ................
    a708:	000000f9 00000007 00000004 00000001     ................
    a718:	00000005 00000002 000000ff 000000fc     ................
    a728:	000000f9 00000007 00000004 00000001     ................
    a738:	00000005 00000002 000000ff 000000fc     ................
    a748:	000000f9 00000007 00000004 00000001     ................
    a758:	00000005 00000002 000000ff 000000fc     ................
    a768:	000000f9 00000007 00000004 00000001     ................
    a778:	00000005 00000002 000000ff 000000fc     ................
    a788:	000000f9 00000007 00000004 00000001     ................
    a798:	00000005 00000002 000000ff 000000fc     ................
    a7a8:	000000f9 00000007 00000004 00000001     ................
    a7b8:	00000005 00000002 000000ff 000000fc     ................
    a7c8:	000000f9 00000007 00000004 00000001     ................
    a7d8:	000000fe 000000fb 000000f8 00000006     ................
    a7e8:	00000003 00000000 000000fd 000000fa     ................
    a7f8:	000000fe 000000fb 000000f8 00000006     ................
    a808:	00000003 00000000 000000fd 000000fa     ................
    a818:	000000fe 000000fb 000000f8 00000006     ................
    a828:	00000003 00000000 000000fd 000000fa     ................
    a838:	000000fe 000000fb 000000f8 00000006     ................
    a848:	00000003 00000000 000000fd 000000fa     ................
    a858:	000000fe 000000fb 000000f8 00000006     ................
    a868:	00000003 00000000 000000fd 000000fa     ................
    a878:	000000fe 000000fb 000000f8 00000006     ................
    a888:	00000003 00000000 000000fd 000000fa     ................
    a898:	000000fe 000000fb 000000f8 00000006     ................
    a8a8:	00000003 00000000 000000fd 000000fa     ................
    a8b8:	000000fe 000000fb 000000f8 00000006     ................
    a8c8:	00000003 00000000 000000fd 000000fa     ................
    a8d8:	000000fe 000000fb 000000f8 00000006     ................
    a8e8:	00000003 00000000 000000fd 000000fa     ................
    a8f8:	000000fe 000000fb 000000f8 00000006     ................
    a908:	00000003 00000000 000000fd 000000fa     ................
    a918:	000000fe 000000fb 000000f8 00000006     ................
    a928:	00000003 00000000 000000fd 000000fa     ................
    a938:	000000fe 000000fb 000000f8 00000006     ................
    a948:	00000003 00000000 000000fd 000000fa     ................
    a958:	000000fe 000000fb 000000f8 00000006     ................
    a968:	00000003 00000000 000000fd 000000fa     ................
    a978:	000000fe 000000fb 000000f8 00000006     ................
    a988:	00000003 00000000 000000fd 000000fa     ................
    a998:	000000fe 000000fb 000000f8 00000006     ................
    a9a8:	00000003 00000000 000000fd 000000fa     ................
    a9b8:	000000fe 000000fb 000000f8 00000006     ................
    a9c8:	00000003 00000000 000000fd 000000fa     ................
    a9d8:	000000fe 000000fb 000000f8 00000006     ................
    a9e8:	00000003 00000000 000000fd 000000fa     ................
    a9f8:	000000fe 000000fb 000000f8 00000006     ................
    aa08:	00000003 00000000 000000fd 000000fa     ................
    aa18:	000000fe 000000fb 000000f8 00000006     ................
    aa28:	00000003 00000000 000000fd 000000fa     ................
    aa38:	000000fe 000000fb 000000f8 00000006     ................
    aa48:	00000003 00000000 000000fd 000000fa     ................
    aa58:	000000fe 000000fb 000000f8 00000006     ................
    aa68:	00000003 00000000 000000fd 000000fa     ................
    aa78:	000000fe 000000fb 000000f8 00000006     ................
    aa88:	00000003 00000000 000000fd 000000fa     ................
    aa98:	000000fe 000000fb 000000f8 00000006     ................
    aaa8:	00000003 00000000 000000fd 000000fa     ................
    aab8:	000000fe 000000fb 000000f8 00000006     ................
    aac8:	00000003 00000000 000000fd 000000fa     ................
    aad8:	000000fe 000000fb 000000f8 00000006     ................
    aae8:	00000003 00000000 000000fd 000000fa     ................
    aaf8:	000000fe 000000fb 000000f8 00000006     ................
    ab08:	00000003 00000000 000000fd 000000fa     ................
    ab18:	000000fe 000000fb 000000f8 00000006     ................
    ab28:	00000003 00000000 000000fd 000000fa     ................
    ab38:	000000fe 000000fb 000000f8 00000006     ................
    ab48:	00000003 00000000 000000fd 000000fa     ................
    ab58:	000000fe 000000fb 000000f8 00000006     ................
    ab68:	00000003 00000000 000000fd 000000fa     ................
    ab78:	000000fe 000000fb 000000f8 00000006     ................
    ab88:	00000003 00000000 000000fd 000000fa     ................
    ab98:	000000fe 000000fb 000000f8 00000006     ................
    aba8:	00000003 00000000 000000fd 000000fa     ................
    abb8:	000000fe 000000fb 000000f8 00000006     ................
    abc8:	00000003 00000000 000000fd 000000fa     ................

0000abd8 <transformer_tinyllama_b0_matrix_subgraph_a>:
    abd8:	00000004 00000001 000000ff 000000fc     ................
    abe8:	000000f9 00000006 00000003 00000000     ................
    abf8:	00000004 00000001 000000ff 000000fc     ................
    ac08:	000000f9 00000006 00000003 00000000     ................
    ac18:	00000004 00000001 000000ff 000000fc     ................
    ac28:	000000f9 00000006 00000003 00000000     ................
    ac38:	00000004 00000001 000000ff 000000fc     ................
    ac48:	000000f9 00000006 00000003 00000000     ................
    ac58:	00000004 00000001 000000ff 000000fc     ................
    ac68:	000000f9 00000006 00000003 00000000     ................
    ac78:	00000004 00000001 000000ff 000000fc     ................
    ac88:	000000f9 00000006 00000003 00000000     ................
    ac98:	00000004 00000001 000000ff 000000fc     ................
    aca8:	000000f9 00000006 00000003 00000000     ................
    acb8:	00000004 00000001 000000ff 000000fc     ................
    acc8:	000000f9 00000006 00000003 00000000     ................
    acd8:	000000fe 000000fb 000000f8 00000005     ................
    ace8:	00000002 00000000 000000fd 000000fa     ................
    acf8:	000000fe 000000fb 000000f8 00000005     ................
    ad08:	00000002 00000000 000000fd 000000fa     ................
    ad18:	000000fe 000000fb 000000f8 00000005     ................
    ad28:	00000002 00000000 000000fd 000000fa     ................
    ad38:	000000fe 000000fb 000000f8 00000005     ................
    ad48:	00000002 00000000 000000fd 000000fa     ................
    ad58:	000000fe 000000fb 000000f8 00000005     ................
    ad68:	00000002 00000000 000000fd 000000fa     ................
    ad78:	000000fe 000000fb 000000f8 00000005     ................
    ad88:	00000002 00000000 000000fd 000000fa     ................
    ad98:	000000fe 000000fb 000000f8 00000005     ................
    ada8:	00000002 00000000 000000fd 000000fa     ................
    adb8:	000000fe 000000fb 000000f8 00000005     ................
    adc8:	00000002 00000000 000000fd 000000fa     ................
	...
    afd8:	00000004 00000001 000000ff 000000fc     ................
    afe8:	000000f9 00000006 00000003 00000000     ................
    aff8:	00000004 00000001 000000ff 000000fc     ................
    b008:	000000f9 00000006 00000003 00000000     ................
    b018:	00000004 00000001 000000ff 000000fc     ................
    b028:	000000f9 00000006 00000003 00000000     ................
    b038:	00000004 00000001 000000ff 000000fc     ................
    b048:	000000f9 00000006 00000003 00000000     ................
    b058:	00000004 00000001 000000ff 000000fc     ................
    b068:	000000f9 00000006 00000003 00000000     ................
    b078:	00000004 00000001 000000ff 000000fc     ................
    b088:	000000f9 00000006 00000003 00000000     ................
    b098:	00000004 00000001 000000ff 000000fc     ................
    b0a8:	000000f9 00000006 00000003 00000000     ................
    b0b8:	00000004 00000001 000000ff 000000fc     ................
    b0c8:	000000f9 00000006 00000003 00000000     ................
    b0d8:	000000fe 000000fb 000000f8 00000005     ................
    b0e8:	00000002 00000000 000000fd 000000fa     ................
    b0f8:	000000fe 000000fb 000000f8 00000005     ................
    b108:	00000002 00000000 000000fd 000000fa     ................
    b118:	000000fe 000000fb 000000f8 00000005     ................
    b128:	00000002 00000000 000000fd 000000fa     ................
    b138:	000000fe 000000fb 000000f8 00000005     ................
    b148:	00000002 00000000 000000fd 000000fa     ................
    b158:	000000fe 000000fb 000000f8 00000005     ................
    b168:	00000002 00000000 000000fd 000000fa     ................
    b178:	000000fe 000000fb 000000f8 00000005     ................
    b188:	00000002 00000000 000000fd 000000fa     ................
    b198:	000000fe 000000fb 000000f8 00000005     ................
    b1a8:	00000002 00000000 000000fd 000000fa     ................
    b1b8:	000000fe 000000fb 000000f8 00000005     ................
    b1c8:	00000002 00000000 000000fd 000000fa     ................
	...
    b3d8:	00000004 00000001 000000ff 000000fc     ................
    b3e8:	000000f9 00000006 00000003 00000000     ................
    b3f8:	00000004 00000001 000000ff 000000fc     ................
    b408:	000000f9 00000006 00000003 00000000     ................
    b418:	00000004 00000001 000000ff 000000fc     ................
    b428:	000000f9 00000006 00000003 00000000     ................
    b438:	00000004 00000001 000000ff 000000fc     ................
    b448:	000000f9 00000006 00000003 00000000     ................
    b458:	00000004 00000001 000000ff 000000fc     ................
    b468:	000000f9 00000006 00000003 00000000     ................
    b478:	00000004 00000001 000000ff 000000fc     ................
    b488:	000000f9 00000006 00000003 00000000     ................
    b498:	00000004 00000001 000000ff 000000fc     ................
    b4a8:	000000f9 00000006 00000003 00000000     ................
    b4b8:	00000004 00000001 000000ff 000000fc     ................
    b4c8:	000000f9 00000006 00000003 00000000     ................
    b4d8:	000000fe 000000fb 000000f8 00000005     ................
    b4e8:	00000002 00000000 000000fd 000000fa     ................
    b4f8:	000000fe 000000fb 000000f8 00000005     ................
    b508:	00000002 00000000 000000fd 000000fa     ................
    b518:	000000fe 000000fb 000000f8 00000005     ................
    b528:	00000002 00000000 000000fd 000000fa     ................
    b538:	000000fe 000000fb 000000f8 00000005     ................
    b548:	00000002 00000000 000000fd 000000fa     ................
    b558:	000000fe 000000fb 000000f8 00000005     ................
    b568:	00000002 00000000 000000fd 000000fa     ................
    b578:	000000fe 000000fb 000000f8 00000005     ................
    b588:	00000002 00000000 000000fd 000000fa     ................
    b598:	000000fe 000000fb 000000f8 00000005     ................
    b5a8:	00000002 00000000 000000fd 000000fa     ................
    b5b8:	000000fe 000000fb 000000f8 00000005     ................
    b5c8:	00000002 00000000 000000fd 000000fa     ................
	...
    b7d8:	00000004 00000001 000000ff 000000fc     ................
    b7e8:	000000f9 00000006 00000003 00000000     ................
    b7f8:	00000004 00000001 000000ff 000000fc     ................
    b808:	000000f9 00000006 00000003 00000000     ................
    b818:	00000004 00000001 000000ff 000000fc     ................
    b828:	000000f9 00000006 00000003 00000000     ................
    b838:	00000004 00000001 000000ff 000000fc     ................
    b848:	000000f9 00000006 00000003 00000000     ................
    b858:	00000004 00000001 000000ff 000000fc     ................
    b868:	000000f9 00000006 00000003 00000000     ................
    b878:	00000004 00000001 000000ff 000000fc     ................
    b888:	000000f9 00000006 00000003 00000000     ................
    b898:	00000004 00000001 000000ff 000000fc     ................
    b8a8:	000000f9 00000006 00000003 00000000     ................
    b8b8:	00000004 00000001 000000ff 000000fc     ................
    b8c8:	000000f9 00000006 00000003 00000000     ................
    b8d8:	000000fe 000000fb 000000f8 00000005     ................
    b8e8:	00000002 00000000 000000fd 000000fa     ................
    b8f8:	000000fe 000000fb 000000f8 00000005     ................
    b908:	00000002 00000000 000000fd 000000fa     ................
    b918:	000000fe 000000fb 000000f8 00000005     ................
    b928:	00000002 00000000 000000fd 000000fa     ................
    b938:	000000fe 000000fb 000000f8 00000005     ................
    b948:	00000002 00000000 000000fd 000000fa     ................
    b958:	000000fe 000000fb 000000f8 00000005     ................
    b968:	00000002 00000000 000000fd 000000fa     ................
    b978:	000000fe 000000fb 000000f8 00000005     ................
    b988:	00000002 00000000 000000fd 000000fa     ................
    b998:	000000fe 000000fb 000000f8 00000005     ................
    b9a8:	00000002 00000000 000000fd 000000fa     ................
    b9b8:	000000fe 000000fb 000000f8 00000005     ................
    b9c8:	00000002 00000000 000000fd 000000fa     ................
	...
    bbd8:	000000ff 000000ff 00000000 00000001     ................
    bbe8:	00000001 000000fe 000000ff 00000000     ................
    bbf8:	000000ff 000000ff 00000000 00000001     ................
    bc08:	00000001 000000fe 000000ff 00000000     ................
    bc18:	000000ff 000000ff 00000000 00000001     ................
    bc28:	00000001 000000fe 000000ff 00000000     ................
    bc38:	000000ff 000000ff 00000000 00000001     ................
    bc48:	00000001 000000fe 000000ff 00000000     ................
    bc58:	000000ff 000000ff 00000000 00000001     ................
    bc68:	00000001 000000fe 000000ff 00000000     ................
    bc78:	000000ff 000000ff 00000000 00000001     ................
    bc88:	00000001 000000fe 000000ff 00000000     ................
    bc98:	000000ff 000000ff 00000000 00000001     ................
    bca8:	00000001 000000fe 000000ff 00000000     ................
    bcb8:	000000ff 000000ff 00000000 00000001     ................
    bcc8:	00000001 000000fe 000000ff 00000000     ................
    bcd8:	000000ff 000000ff 00000000 00000001     ................
    bce8:	00000001 000000fe 000000ff 00000000     ................
    bcf8:	000000ff 000000ff 00000000 00000001     ................
    bd08:	00000001 000000fe 000000ff 00000000     ................
    bd18:	000000ff 000000ff 00000000 00000001     ................
    bd28:	00000001 000000fe 000000ff 00000000     ................
    bd38:	000000ff 000000ff 00000000 00000001     ................
    bd48:	00000001 000000fe 000000ff 00000000     ................
    bd58:	000000ff 000000ff 00000000 00000001     ................
    bd68:	00000001 000000fe 000000ff 00000000     ................
    bd78:	000000ff 000000ff 00000000 00000001     ................
    bd88:	00000001 000000fe 000000ff 00000000     ................
    bd98:	000000ff 000000ff 00000000 00000001     ................
    bda8:	00000001 000000fe 000000ff 00000000     ................
    bdb8:	000000ff 000000ff 00000000 00000001     ................
    bdc8:	00000001 000000fe 000000ff 00000000     ................
	...
    bfd8:	000000ff 000000ff 00000000 00000001     ................
    bfe8:	00000001 000000fe 000000ff 00000000     ................
    bff8:	000000ff 000000ff 00000000 00000001     ................
    c008:	00000001 000000fe 000000ff 00000000     ................
    c018:	000000ff 000000ff 00000000 00000001     ................
    c028:	00000001 000000fe 000000ff 00000000     ................
    c038:	000000ff 000000ff 00000000 00000001     ................
    c048:	00000001 000000fe 000000ff 00000000     ................
    c058:	000000ff 000000ff 00000000 00000001     ................
    c068:	00000001 000000fe 000000ff 00000000     ................
    c078:	000000ff 000000ff 00000000 00000001     ................
    c088:	00000001 000000fe 000000ff 00000000     ................
    c098:	000000ff 000000ff 00000000 00000001     ................
    c0a8:	00000001 000000fe 000000ff 00000000     ................
    c0b8:	000000ff 000000ff 00000000 00000001     ................
    c0c8:	00000001 000000fe 000000ff 00000000     ................
    c0d8:	000000ff 000000ff 00000000 00000001     ................
    c0e8:	00000001 000000fe 000000ff 00000000     ................
    c0f8:	000000ff 000000ff 00000000 00000001     ................
    c108:	00000001 000000fe 000000ff 00000000     ................
    c118:	000000ff 000000ff 00000000 00000001     ................
    c128:	00000001 000000fe 000000ff 00000000     ................
    c138:	000000ff 000000ff 00000000 00000001     ................
    c148:	00000001 000000fe 000000ff 00000000     ................
    c158:	000000ff 000000ff 00000000 00000001     ................
    c168:	00000001 000000fe 000000ff 00000000     ................
    c178:	000000ff 000000ff 00000000 00000001     ................
    c188:	00000001 000000fe 000000ff 00000000     ................
    c198:	000000ff 000000ff 00000000 00000001     ................
    c1a8:	00000001 000000fe 000000ff 00000000     ................
    c1b8:	000000ff 000000ff 00000000 00000001     ................
    c1c8:	00000001 000000fe 000000ff 00000000     ................
	...
    c3d8:	00000004 00000001 000000ff 000000fb     ................
    c3e8:	000000f9 00000005 00000003 00000000     ................
    c3f8:	00000004 00000001 000000ff 000000fb     ................
    c408:	000000f9 00000005 00000003 00000000     ................
    c418:	00000004 00000001 000000ff 000000fb     ................
    c428:	000000f9 00000005 00000003 00000000     ................
    c438:	00000004 00000001 000000ff 000000fb     ................
    c448:	000000f9 00000005 00000003 00000000     ................
    c458:	00000004 00000001 000000ff 000000fb     ................
    c468:	000000f9 00000005 00000003 00000000     ................
    c478:	00000004 00000001 000000ff 000000fb     ................
    c488:	000000f9 00000005 00000003 00000000     ................
    c498:	00000004 00000001 000000ff 000000fb     ................
    c4a8:	000000f9 00000005 00000003 00000000     ................
    c4b8:	00000004 00000001 000000ff 000000fb     ................
    c4c8:	000000f9 00000005 00000003 00000000     ................
    c4d8:	000000fe 000000fa 000000f8 00000004     ................
    c4e8:	00000002 00000000 000000fd 000000fa     ................
    c4f8:	000000fe 000000fa 000000f8 00000004     ................
    c508:	00000002 00000000 000000fd 000000fa     ................
    c518:	000000fe 000000fa 000000f8 00000004     ................
    c528:	00000002 00000000 000000fd 000000fa     ................
    c538:	000000fe 000000fa 000000f8 00000004     ................
    c548:	00000002 00000000 000000fd 000000fa     ................
    c558:	000000fe 000000fa 000000f8 00000004     ................
    c568:	00000002 00000000 000000fd 000000fa     ................
    c578:	000000fe 000000fa 000000f8 00000004     ................
    c588:	00000002 00000000 000000fd 000000fa     ................
    c598:	000000fe 000000fa 000000f8 00000004     ................
    c5a8:	00000002 00000000 000000fd 000000fa     ................
    c5b8:	000000fe 000000fa 000000f8 00000004     ................
    c5c8:	00000002 00000000 000000fd 000000fa     ................
	...
    c7d8:	00000004 00000001 000000ff 000000fb     ................
    c7e8:	000000f9 00000005 00000003 00000000     ................
    c7f8:	00000004 00000001 000000ff 000000fb     ................
    c808:	000000f9 00000005 00000003 00000000     ................
    c818:	00000004 00000001 000000ff 000000fb     ................
    c828:	000000f9 00000005 00000003 00000000     ................
    c838:	00000004 00000001 000000ff 000000fb     ................
    c848:	000000f9 00000005 00000003 00000000     ................
    c858:	00000004 00000001 000000ff 000000fb     ................
    c868:	000000f9 00000005 00000003 00000000     ................
    c878:	00000004 00000001 000000ff 000000fb     ................
    c888:	000000f9 00000005 00000003 00000000     ................
    c898:	00000004 00000001 000000ff 000000fb     ................
    c8a8:	000000f9 00000005 00000003 00000000     ................
    c8b8:	00000004 00000001 000000ff 000000fb     ................
    c8c8:	000000f9 00000005 00000003 00000000     ................
    c8d8:	000000fe 000000fa 000000f8 00000004     ................
    c8e8:	00000002 00000000 000000fd 000000fa     ................
    c8f8:	000000fe 000000fa 000000f8 00000004     ................
    c908:	00000002 00000000 000000fd 000000fa     ................
    c918:	000000fe 000000fa 000000f8 00000004     ................
    c928:	00000002 00000000 000000fd 000000fa     ................
    c938:	000000fe 000000fa 000000f8 00000004     ................
    c948:	00000002 00000000 000000fd 000000fa     ................
    c958:	000000fe 000000fa 000000f8 00000004     ................
    c968:	00000002 00000000 000000fd 000000fa     ................
    c978:	000000fe 000000fa 000000f8 00000004     ................
    c988:	00000002 00000000 000000fd 000000fa     ................
    c998:	000000fe 000000fa 000000f8 00000004     ................
    c9a8:	00000002 00000000 000000fd 000000fa     ................
    c9b8:	000000fe 000000fa 000000f8 00000004     ................
    c9c8:	00000002 00000000 000000fd 000000fa     ................
	...
    cbd8:	00000004 00000001 000000ff 000000fb     ................
    cbe8:	000000f9 00000005 00000003 00000000     ................
    cbf8:	00000004 00000001 000000ff 000000fb     ................
    cc08:	000000f9 00000005 00000003 00000000     ................
    cc18:	00000004 00000001 000000ff 000000fb     ................
    cc28:	000000f9 00000005 00000003 00000000     ................
    cc38:	00000004 00000001 000000ff 000000fb     ................
    cc48:	000000f9 00000005 00000003 00000000     ................
    cc58:	00000004 00000001 000000ff 000000fb     ................
    cc68:	000000f9 00000005 00000003 00000000     ................
    cc78:	00000004 00000001 000000ff 000000fb     ................
    cc88:	000000f9 00000005 00000003 00000000     ................
    cc98:	00000004 00000001 000000ff 000000fb     ................
    cca8:	000000f9 00000005 00000003 00000000     ................
    ccb8:	00000004 00000001 000000ff 000000fb     ................
    ccc8:	000000f9 00000005 00000003 00000000     ................
    ccd8:	000000fe 000000fa 000000f8 00000004     ................
    cce8:	00000002 00000000 000000fd 000000fa     ................
    ccf8:	000000fe 000000fa 000000f8 00000004     ................
    cd08:	00000002 00000000 000000fd 000000fa     ................
    cd18:	000000fe 000000fa 000000f8 00000004     ................
    cd28:	00000002 00000000 000000fd 000000fa     ................
    cd38:	000000fe 000000fa 000000f8 00000004     ................
    cd48:	00000002 00000000 000000fd 000000fa     ................
    cd58:	000000fe 000000fa 000000f8 00000004     ................
    cd68:	00000002 00000000 000000fd 000000fa     ................
    cd78:	000000fe 000000fa 000000f8 00000004     ................
    cd88:	00000002 00000000 000000fd 000000fa     ................
    cd98:	000000fe 000000fa 000000f8 00000004     ................
    cda8:	00000002 00000000 000000fd 000000fa     ................
    cdb8:	000000fe 000000fa 000000f8 00000004     ................
    cdc8:	00000002 00000000 000000fd 000000fa     ................
	...
    cfd8:	00000004 00000001 000000ff 000000fb     ................
    cfe8:	000000f9 00000005 00000003 00000000     ................
    cff8:	00000004 00000001 000000ff 000000fb     ................
    d008:	000000f9 00000005 00000003 00000000     ................
    d018:	00000004 00000001 000000ff 000000fb     ................
    d028:	000000f9 00000005 00000003 00000000     ................
    d038:	00000004 00000001 000000ff 000000fb     ................
    d048:	000000f9 00000005 00000003 00000000     ................
    d058:	00000004 00000001 000000ff 000000fb     ................
    d068:	000000f9 00000005 00000003 00000000     ................
    d078:	00000004 00000001 000000ff 000000fb     ................
    d088:	000000f9 00000005 00000003 00000000     ................
    d098:	00000004 00000001 000000ff 000000fb     ................
    d0a8:	000000f9 00000005 00000003 00000000     ................
    d0b8:	00000004 00000001 000000ff 000000fb     ................
    d0c8:	000000f9 00000005 00000003 00000000     ................
    d0d8:	000000fe 000000fa 000000f8 00000004     ................
    d0e8:	00000002 00000000 000000fd 000000fa     ................
    d0f8:	000000fe 000000fa 000000f8 00000004     ................
    d108:	00000002 00000000 000000fd 000000fa     ................
    d118:	000000fe 000000fa 000000f8 00000004     ................
    d128:	00000002 00000000 000000fd 000000fa     ................
    d138:	000000fe 000000fa 000000f8 00000004     ................
    d148:	00000002 00000000 000000fd 000000fa     ................
    d158:	000000fe 000000fa 000000f8 00000004     ................
    d168:	00000002 00000000 000000fd 000000fa     ................
    d178:	000000fe 000000fa 000000f8 00000004     ................
    d188:	00000002 00000000 000000fd 000000fa     ................
    d198:	000000fe 000000fa 000000f8 00000004     ................
    d1a8:	00000002 00000000 000000fd 000000fa     ................
    d1b8:	000000fe 000000fa 000000f8 00000004     ................
    d1c8:	00000002 00000000 000000fd 000000fa     ................
	...
    d3d8:	00000004 00000001 000000ff 000000fb     ................
    d3e8:	000000f9 00000005 00000003 00000000     ................
    d3f8:	00000004 00000001 000000ff 000000fb     ................
    d408:	000000f9 00000005 00000003 00000000     ................
    d418:	00000004 00000001 000000ff 000000fb     ................
    d428:	000000f9 00000005 00000003 00000000     ................
    d438:	00000004 00000001 000000ff 000000fb     ................
    d448:	000000f9 00000005 00000003 00000000     ................
    d458:	00000004 00000001 000000ff 000000fb     ................
    d468:	000000f9 00000005 00000003 00000000     ................
    d478:	00000004 00000001 000000ff 000000fb     ................
    d488:	000000f9 00000005 00000003 00000000     ................
    d498:	00000004 00000001 000000ff 000000fb     ................
    d4a8:	000000f9 00000005 00000003 00000000     ................
    d4b8:	00000004 00000001 000000ff 000000fb     ................
    d4c8:	000000f9 00000005 00000003 00000000     ................
    d4d8:	000000fe 000000fa 000000f8 00000004     ................
    d4e8:	00000002 00000000 000000fd 000000fa     ................
    d4f8:	000000fe 000000fa 000000f8 00000004     ................
    d508:	00000002 00000000 000000fd 000000fa     ................
    d518:	000000fe 000000fa 000000f8 00000004     ................
    d528:	00000002 00000000 000000fd 000000fa     ................
    d538:	000000fe 000000fa 000000f8 00000004     ................
    d548:	00000002 00000000 000000fd 000000fa     ................
    d558:	000000fe 000000fa 000000f8 00000004     ................
    d568:	00000002 00000000 000000fd 000000fa     ................
    d578:	000000fe 000000fa 000000f8 00000004     ................
    d588:	00000002 00000000 000000fd 000000fa     ................
    d598:	000000fe 000000fa 000000f8 00000004     ................
    d5a8:	00000002 00000000 000000fd 000000fa     ................
    d5b8:	000000fe 000000fa 000000f8 00000004     ................
    d5c8:	00000002 00000000 000000fd 000000fa     ................
	...
    d7d8:	00000004 00000001 000000ff 000000fb     ................
    d7e8:	000000f9 00000005 00000003 00000000     ................
    d7f8:	00000004 00000001 000000ff 000000fb     ................
    d808:	000000f9 00000005 00000003 00000000     ................
    d818:	00000004 00000001 000000ff 000000fb     ................
    d828:	000000f9 00000005 00000003 00000000     ................
    d838:	00000004 00000001 000000ff 000000fb     ................
    d848:	000000f9 00000005 00000003 00000000     ................
    d858:	00000004 00000001 000000ff 000000fb     ................
    d868:	000000f9 00000005 00000003 00000000     ................
    d878:	00000004 00000001 000000ff 000000fb     ................
    d888:	000000f9 00000005 00000003 00000000     ................
    d898:	00000004 00000001 000000ff 000000fb     ................
    d8a8:	000000f9 00000005 00000003 00000000     ................
    d8b8:	00000004 00000001 000000ff 000000fb     ................
    d8c8:	000000f9 00000005 00000003 00000000     ................
    d8d8:	000000fe 000000fa 000000f8 00000004     ................
    d8e8:	00000002 00000000 000000fd 000000fa     ................
    d8f8:	000000fe 000000fa 000000f8 00000004     ................
    d908:	00000002 00000000 000000fd 000000fa     ................
    d918:	000000fe 000000fa 000000f8 00000004     ................
    d928:	00000002 00000000 000000fd 000000fa     ................
    d938:	000000fe 000000fa 000000f8 00000004     ................
    d948:	00000002 00000000 000000fd 000000fa     ................
    d958:	000000fe 000000fa 000000f8 00000004     ................
    d968:	00000002 00000000 000000fd 000000fa     ................
    d978:	000000fe 000000fa 000000f8 00000004     ................
    d988:	00000002 00000000 000000fd 000000fa     ................
    d998:	000000fe 000000fa 000000f8 00000004     ................
    d9a8:	00000002 00000000 000000fd 000000fa     ................
    d9b8:	000000fe 000000fa 000000f8 00000004     ................
    d9c8:	00000002 00000000 000000fd 000000fa     ................
	...
    dbd8:	00000004 00000001 000000ff 000000fb     ................
    dbe8:	000000f9 00000005 00000003 00000000     ................
    dbf8:	00000004 00000001 000000ff 000000fb     ................
    dc08:	000000f9 00000005 00000003 00000000     ................
    dc18:	00000004 00000001 000000ff 000000fb     ................
    dc28:	000000f9 00000005 00000003 00000000     ................
    dc38:	00000004 00000001 000000ff 000000fb     ................
    dc48:	000000f9 00000005 00000003 00000000     ................
    dc58:	00000004 00000001 000000ff 000000fb     ................
    dc68:	000000f9 00000005 00000003 00000000     ................
    dc78:	00000004 00000001 000000ff 000000fb     ................
    dc88:	000000f9 00000005 00000003 00000000     ................
    dc98:	00000004 00000001 000000ff 000000fb     ................
    dca8:	000000f9 00000005 00000003 00000000     ................
    dcb8:	00000004 00000001 000000ff 000000fb     ................
    dcc8:	000000f9 00000005 00000003 00000000     ................
    dcd8:	000000fe 000000fa 000000f8 00000004     ................
    dce8:	00000002 00000000 000000fd 000000fa     ................
    dcf8:	000000fe 000000fa 000000f8 00000004     ................
    dd08:	00000002 00000000 000000fd 000000fa     ................
    dd18:	000000fe 000000fa 000000f8 00000004     ................
    dd28:	00000002 00000000 000000fd 000000fa     ................
    dd38:	000000fe 000000fa 000000f8 00000004     ................
    dd48:	00000002 00000000 000000fd 000000fa     ................
    dd58:	000000fe 000000fa 000000f8 00000004     ................
    dd68:	00000002 00000000 000000fd 000000fa     ................
    dd78:	000000fe 000000fa 000000f8 00000004     ................
    dd88:	00000002 00000000 000000fd 000000fa     ................
    dd98:	000000fe 000000fa 000000f8 00000004     ................
    dda8:	00000002 00000000 000000fd 000000fa     ................
    ddb8:	000000fe 000000fa 000000f8 00000004     ................
    ddc8:	00000002 00000000 000000fd 000000fa     ................
	...
    dfd8:	00000004 00000001 000000ff 000000fb     ................
    dfe8:	000000f9 00000005 00000003 00000000     ................
    dff8:	00000004 00000001 000000ff 000000fb     ................
    e008:	000000f9 00000005 00000003 00000000     ................
    e018:	00000004 00000001 000000ff 000000fb     ................
    e028:	000000f9 00000005 00000003 00000000     ................
    e038:	00000004 00000001 000000ff 000000fb     ................
    e048:	000000f9 00000005 00000003 00000000     ................
    e058:	00000004 00000001 000000ff 000000fb     ................
    e068:	000000f9 00000005 00000003 00000000     ................
    e078:	00000004 00000001 000000ff 000000fb     ................
    e088:	000000f9 00000005 00000003 00000000     ................
    e098:	00000004 00000001 000000ff 000000fb     ................
    e0a8:	000000f9 00000005 00000003 00000000     ................
    e0b8:	00000004 00000001 000000ff 000000fb     ................
    e0c8:	000000f9 00000005 00000003 00000000     ................
    e0d8:	000000fe 000000fa 000000f8 00000004     ................
    e0e8:	00000002 00000000 000000fd 000000fa     ................
    e0f8:	000000fe 000000fa 000000f8 00000004     ................
    e108:	00000002 00000000 000000fd 000000fa     ................
    e118:	000000fe 000000fa 000000f8 00000004     ................
    e128:	00000002 00000000 000000fd 000000fa     ................
    e138:	000000fe 000000fa 000000f8 00000004     ................
    e148:	00000002 00000000 000000fd 000000fa     ................
    e158:	000000fe 000000fa 000000f8 00000004     ................
    e168:	00000002 00000000 000000fd 000000fa     ................
    e178:	000000fe 000000fa 000000f8 00000004     ................
    e188:	00000002 00000000 000000fd 000000fa     ................
    e198:	000000fe 000000fa 000000f8 00000004     ................
    e1a8:	00000002 00000000 000000fd 000000fa     ................
    e1b8:	000000fe 000000fa 000000f8 00000004     ................
    e1c8:	00000002 00000000 000000fd 000000fa     ................
	...
    e3dc:	000000ff 00000000 00000000 00000000     ................
    e3ec:	00000000 000000ff 000000ff 00000000     ................
    e3fc:	000000ff 00000000 00000000 00000000     ................
    e40c:	00000000 000000ff 000000ff 00000000     ................
    e41c:	000000ff 00000000 00000000 00000000     ................
    e42c:	00000000 000000ff 000000ff 00000000     ................
    e43c:	000000ff 00000000 00000000 00000000     ................
    e44c:	00000000 000000ff 000000ff 00000000     ................
    e45c:	000000ff 00000000 00000000 00000000     ................
    e46c:	00000000 000000ff 000000ff 00000000     ................
    e47c:	000000ff 00000000 00000000 00000000     ................
    e48c:	00000000 000000ff 000000ff 00000000     ................
    e49c:	000000ff 00000000 00000000 00000000     ................
    e4ac:	00000000 000000ff 000000ff 00000000     ................
    e4bc:	000000ff 00000000 00000000 00000000     ................
    e4cc:	00000000 000000ff 000000ff 00000000     ................
	...
    e4e8:	000000ff 00000000 00000000 00000000     ................
	...
    e508:	000000ff 00000000 00000000 00000000     ................
	...
    e528:	000000ff 00000000 00000000 00000000     ................
	...
    e548:	000000ff 00000000 00000000 00000000     ................
	...
    e568:	000000ff 00000000 00000000 00000000     ................
	...
    e588:	000000ff 00000000 00000000 00000000     ................
	...
    e5a8:	000000ff 00000000 00000000 00000000     ................
	...
    e5c8:	000000ff 00000000 00000000 00000000     ................
	...
    e5e0:	000000ff 00000000 00000000 00000000     ................
    e5f0:	00000000 000000ff 00000000 00000000     ................
    e600:	000000ff 00000000 00000000 00000000     ................
    e610:	00000000 000000ff 00000000 00000000     ................
    e620:	000000ff 00000000 00000000 00000000     ................
    e630:	00000000 000000ff 00000000 00000000     ................
    e640:	000000ff 00000000 00000000 00000000     ................
    e650:	00000000 000000ff 00000000 00000000     ................
    e660:	000000ff 00000000 00000000 00000000     ................
    e670:	00000000 000000ff 00000000 00000000     ................
    e680:	000000ff 00000000 00000000 00000000     ................
    e690:	00000000 000000ff 00000000 00000000     ................
    e6a0:	000000ff 00000000 00000000 00000000     ................
    e6b0:	00000000 000000ff 00000000 00000000     ................
    e6c0:	000000ff 00000000 00000000 00000000     ................
    e6d0:	00000000 000000ff 000000ff 00000000     ................
	...
    e6ec:	000000ff 00000000 00000000 000000ff     ................
	...
    e70c:	000000ff 00000000 00000000 000000ff     ................
	...
    e72c:	000000ff 00000000 00000000 000000ff     ................
	...
    e74c:	000000ff 00000000 00000000 000000ff     ................
	...
    e76c:	000000ff 00000000 00000000 000000ff     ................
	...
    e78c:	000000ff 00000000 00000000 000000ff     ................
	...
    e7ac:	000000ff 00000000 00000000 000000ff     ................
	...
    e7cc:	000000ff 00000000 00000000 00000000     ................
    e7dc:	000000ff 00000000 00000000 00000000     ................
    e7ec:	00000000 000000ff 000000ff 00000000     ................
    e7fc:	000000ff 00000000 00000000 00000000     ................
    e80c:	00000000 000000ff 000000ff 00000000     ................
    e81c:	000000ff 00000000 00000000 00000000     ................
    e82c:	00000000 000000ff 000000ff 00000000     ................
    e83c:	000000ff 00000000 00000000 00000000     ................
    e84c:	00000000 000000ff 000000ff 00000000     ................
    e85c:	000000ff 00000000 00000000 00000000     ................
    e86c:	00000000 000000ff 000000ff 00000000     ................
    e87c:	000000ff 00000000 00000000 00000000     ................
    e88c:	00000000 000000ff 000000ff 00000000     ................
    e89c:	000000ff 00000000 00000000 00000000     ................
    e8ac:	00000000 000000ff 000000ff 00000000     ................
    e8bc:	000000ff 00000000 00000000 00000000     ................
    e8cc:	00000000 000000ff 000000ff 00000000     ................
	...
    e8e8:	000000ff 00000000 00000000 00000000     ................
	...
    e908:	000000ff 00000000 00000000 00000000     ................
	...
    e928:	000000ff 00000000 00000000 00000000     ................
	...
    e948:	000000ff 00000000 00000000 00000000     ................
	...
    e968:	000000ff 00000000 00000000 00000000     ................
	...
    e988:	000000ff 00000000 00000000 00000000     ................
	...
    e9a8:	000000ff 00000000 00000000 00000000     ................
	...
    e9c8:	000000ff 00000000 00000000 00000000     ................
	...
    e9e0:	000000ff 00000000 00000000 00000000     ................
    e9f0:	00000000 000000ff 00000000 00000000     ................
    ea00:	000000ff 00000000 00000000 00000000     ................
    ea10:	00000000 000000ff 00000000 00000000     ................
    ea20:	000000ff 00000000 00000000 00000000     ................
    ea30:	00000000 000000ff 00000000 00000000     ................
    ea40:	000000ff 00000000 00000000 00000000     ................
    ea50:	00000000 000000ff 00000000 00000000     ................
    ea60:	000000ff 00000000 00000000 00000000     ................
    ea70:	00000000 000000ff 00000000 00000000     ................
    ea80:	000000ff 00000000 00000000 00000000     ................
    ea90:	00000000 000000ff 00000000 00000000     ................
    eaa0:	000000ff 00000000 00000000 00000000     ................
    eab0:	00000000 000000ff 00000000 00000000     ................
    eac0:	000000ff 00000000 00000000 00000000     ................
    ead0:	00000000 000000ff 000000ff 00000000     ................
	...
    eaec:	000000ff 00000000 00000000 000000ff     ................
	...
    eb0c:	000000ff 00000000 00000000 000000ff     ................
	...
    eb2c:	000000ff 00000000 00000000 000000ff     ................
	...
    eb4c:	000000ff 00000000 00000000 000000ff     ................
	...
    eb6c:	000000ff 00000000 00000000 000000ff     ................
	...
    eb8c:	000000ff 00000000 00000000 000000ff     ................
	...
    ebac:	000000ff 00000000 00000000 000000ff     ................
	...
    ebcc:	000000ff 00000000 00000000              ............

0000ebd8 <digits_tile_b>:
    ebd8:	000000ff 000000ff 000000ff 000000ff     ................
    ebe8:	000000ff 00000003 000000ff 00000003     ................
    ebf8:	00000003 000000ff 00000003 00000003     ................
    ec08:	000000ff 00000003 000000ff 00000003     ................
    ec18:	00000003 000000ff 00000003 00000003     ................
    ec28:	000000ff 00000003 00000003 00000003     ................
    ec38:	00000003 00000003 00000003 00000003     ................
    ec48:	000000ff 00000003 00000003 00000003     ................
    ec58:	00000003 00000003 00000003 00000003     ................
    ec68:	000000ff 00000003 00000003 00000003     ................
    ec78:	00000003 000000ff 00000003 00000003     ................
    ec88:	00000003 00000003 00000003 00000003     ................
    ec98:	00000003 000000ff 00000003 00000003     ................
    eca8:	00000003 00000003 00000003 00000003     ................
    ecb8:	000000ff 000000ff 000000ff 000000ff     ................
    ecc8:	000000ff 00000003 000000ff 00000003     ................
    ecd8:	00000003 000000ff 00000003 00000003     ................
    ece8:	000000ff 00000003 000000ff 000000ff     ................
    ecf8:	00000003 000000ff 00000003 00000003     ................
    ed08:	000000ff 00000003 00000003 000000ff     ................
    ed18:	000000ff 00000003 000000ff 000000ff     ................
    ed28:	000000ff 000000ff 00000003 000000ff     ................
    ed38:	000000ff 00000003 000000ff 000000ff     ................
    ed48:	000000ff 000000ff 000000ff 000000ff     ................
    ed58:	000000ff 00000003 000000ff 000000ff     ................
    ed68:	00000003 000000ff 000000ff 000000ff     ................
    ed78:	000000ff 000000ff 000000ff 000000ff     ................
    ed88:	00000003 000000ff 000000ff 000000ff     ................
    ed98:	00000003 000000ff 00000003 00000003     ................
    eda8:	00000003 000000ff 000000ff 00000003     ................
    edb8:	00000003 000000ff 00000003 00000003     ................
    edc8:	000000ff 000000ff 000000ff 00000003     ................
    edd8:	00000003 000000ff 000000ff 000000ff     ................
    ede8:	000000ff 00000003 00000003 000000ff     ................
    edf8:	00000003 00000003 000000ff 000000ff     ................
    ee08:	000000ff 00000003 00000003 000000ff     ................
    ee18:	000000ff 00000003 000000ff 000000ff     ................
    ee28:	000000ff 000000ff 000000ff 000000ff     ................
    ee38:	000000ff 00000003 000000ff 000000ff     ................
    ee48:	00000003 000000ff 000000ff 000000ff     ................
    ee58:	000000ff 00000003 000000ff 000000ff     ................
    ee68:	00000003 000000ff 000000ff 000000ff     ................
    ee78:	00000003 000000ff 000000ff 000000ff     ................
    ee88:	00000003 000000ff 000000ff 00000003     ................
    ee98:	00000003 000000ff 00000003 00000003     ................
    eea8:	00000003 000000ff 000000ff 00000003     ................
    eeb8:	00000003 000000ff 00000003 00000003     ................
    eec8:	000000ff 000000ff 000000ff 000000ff     ................
    eed8:	00000003 000000ff 000000ff 000000ff     ................
    eee8:	000000ff 00000003 00000003 000000ff     ................
    eef8:	00000003 000000ff 000000ff 000000ff     ................
    ef08:	000000ff 00000003 00000003 000000ff     ................
    ef18:	000000ff 000000ff 000000ff 00000003     ................
    ef28:	00000003 00000003 00000003 000000ff     ................
    ef38:	000000ff 00000003 000000ff 00000003     ................
    ef48:	00000003 00000003 00000003 000000ff     ................
    ef58:	00000003 00000003 000000ff 00000003     ................
    ef68:	000000ff 00000003 00000003 00000003     ................
    ef78:	000000ff 000000ff 00000003 00000003     ................
    ef88:	00000003 00000003 00000003 00000003     ................
    ef98:	00000003 000000ff 00000003 00000003     ................
    efa8:	00000003 00000003 00000003 000000ff     ................
    efb8:	00000003 000000ff 000000ff 000000ff     ................
    efc8:	000000ff 000000ff 000000ff 000000ff     ................
    efd8:	00000003 000000ff 000000ff 000000ff     ................
    efe8:	000000ff 000000ff 00000003 000000ff     ................
    eff8:	00000003 000000ff 000000ff 000000ff     ................
    f008:	00000003 000000ff 00000003 000000ff     ................
    f018:	000000ff 000000ff 000000ff 000000ff     ................
    f028:	00000003 000000ff 000000ff 000000ff     ................
    f038:	00000003 00000003 00000003 000000ff     ................
    f048:	000000ff 000000ff 000000ff 00000003     ................
    f058:	000000ff 00000003 00000003 000000ff     ................
    f068:	000000ff 000000ff 000000ff 00000003     ................
    f078:	000000ff 000000ff 00000003 000000ff     ................
    f088:	00000003 000000ff 000000ff 000000ff     ................
    f098:	00000003 000000ff 000000ff 00000003     ................
    f0a8:	00000003 00000003 00000003 000000ff     ................
    f0b8:	00000003 000000ff 000000ff 00000003     ................
    f0c8:	000000ff 00000003 00000003 000000ff     ................
    f0d8:	00000003 000000ff 000000ff 000000ff     ................
    f0e8:	00000003 000000ff 00000003 000000ff     ................
    f0f8:	00000003 000000ff 000000ff 000000ff     ................
    f108:	00000003 000000ff 00000003 000000ff     ................
    f118:	00000003 000000ff 00000003 000000ff     ................
    f128:	00000003 000000ff 000000ff 00000003     ................
    f138:	000000ff 00000003 00000003 000000ff     ................
    f148:	00000003 000000ff 000000ff 00000003     ................
    f158:	000000ff 00000003 000000ff 000000ff     ................
    f168:	00000003 000000ff 000000ff 000000ff     ................
    f178:	000000ff 000000ff 000000ff 000000ff     ................
    f188:	00000003 000000ff 000000ff 000000ff     ................
    f198:	00000003 000000ff 000000ff 00000003     ................
    f1a8:	00000003 00000003 00000003 000000ff     ................
    f1b8:	00000003 000000ff 000000ff 00000003     ................
    f1c8:	00000003 00000003 00000003 000000ff     ................
    f1d8:	00000003 000000ff 000000ff 00000003     ................
    f1e8:	000000ff 00000003 00000003 000000ff     ................
    f1f8:	00000003 000000ff 00000003 00000003     ................
    f208:	000000ff 00000003 00000003 000000ff     ................
    f218:	000000ff 000000ff 00000003 000000ff     ................
    f228:	000000ff 000000ff 000000ff 00000003     ................
    f238:	000000ff 00000003 000000ff 000000ff     ................
    f248:	000000ff 000000ff 000000ff 00000003     ................
    f258:	000000ff 00000003 000000ff 000000ff     ................
    f268:	000000ff 000000ff 000000ff 000000ff     ................
    f278:	000000ff 000000ff 000000ff 000000ff     ................
    f288:	00000003 000000ff 000000ff 000000ff     ................
    f298:	00000003 000000ff 000000ff 00000003     ................
    f2a8:	00000003 00000003 00000003 000000ff     ................
    f2b8:	00000003 000000ff 000000ff 00000003     ................
    f2c8:	000000ff 00000003 00000003 000000ff     ................
    f2d8:	000000ff 000000ff 00000003 000000ff     ................
    f2e8:	000000ff 000000ff 000000ff 000000ff     ................
    f2f8:	00000003 00000003 00000003 00000003     ................
    f308:	000000ff 00000003 00000003 000000ff     ................
    f318:	00000003 00000003 00000003 00000003     ................
    f328:	000000ff 00000003 00000003 00000003     ................
    f338:	00000003 00000003 00000003 00000003     ................
    f348:	000000ff 00000003 00000003 00000003     ................
    f358:	00000003 00000003 00000003 00000003     ................
    f368:	000000ff 00000003 00000003 000000ff     ................
    f378:	00000003 00000003 00000003 00000003     ................
    f388:	00000003 00000003 00000003 000000ff     ................
    f398:	00000003 00000003 00000003 00000003     ................
    f3a8:	00000003 00000003 00000003 000000ff     ................
    f3b8:	000000ff 000000ff 00000003 000000ff     ................
    f3c8:	000000ff 000000ff 000000ff 000000ff     ................
    f3d8:	000000ff 000000ff 00000000 00000000     ................
	...
    f3f8:	00000003 00000003 00000000 00000000     ................
	...
    f418:	00000003 00000003 00000000 00000000     ................
	...
    f438:	00000003 00000003 00000000 00000000     ................
	...
    f458:	00000003 00000003 00000000 00000000     ................
	...
    f478:	00000003 00000003 00000000 00000000     ................
	...
    f498:	00000003 00000003 00000000 00000000     ................
	...
    f4b8:	000000ff 000000ff 00000000 00000000     ................
	...
    f4d8:	00000003 00000003 00000000 00000000     ................
	...
    f4f8:	00000003 00000003 00000000 00000000     ................
	...
    f518:	000000ff 000000ff 00000000 00000000     ................
	...
    f538:	000000ff 000000ff 00000000 00000000     ................
	...
    f558:	000000ff 000000ff 00000000 00000000     ................
	...
    f578:	000000ff 000000ff 00000000 00000000     ................
	...
    f598:	00000003 00000003 00000000 00000000     ................
	...
    f5b8:	00000003 00000003 00000000 00000000     ................
	...
    f5d8:	00000003 00000003 00000000 00000000     ................
	...
    f5f8:	00000003 00000003 00000000 00000000     ................
	...
    f618:	000000ff 000000ff 00000000 00000000     ................
	...
    f638:	000000ff 000000ff 00000000 00000000     ................
	...
    f658:	000000ff 000000ff 00000000 00000000     ................
	...
    f678:	000000ff 000000ff 00000000 00000000     ................
	...
    f698:	00000003 00000003 00000000 00000000     ................
	...
    f6b8:	00000003 00000003 00000000 00000000     ................
	...
    f6d8:	000000ff 00000003 00000000 00000000     ................
	...
    f6f8:	00000003 00000003 00000000 00000000     ................
	...
    f718:	00000003 000000ff 00000000 00000000     ................
	...
    f738:	00000003 000000ff 00000000 00000000     ................
	...
    f758:	00000003 000000ff 00000000 00000000     ................
	...
    f778:	00000003 000000ff 00000000 00000000     ................
	...
    f798:	00000003 00000003 00000000 00000000     ................
	...
    f7b8:	000000ff 00000003 00000000 00000000     ................
	...
    f7d8:	00000003 000000ff 00000000 00000000     ................
	...
    f7f8:	00000003 00000003 00000000 00000000     ................
	...
    f818:	000000ff 00000003 00000000 00000000     ................
	...
    f838:	000000ff 00000003 00000000 00000000     ................
	...
    f858:	000000ff 00000003 00000000 00000000     ................
	...
    f878:	000000ff 00000003 00000000 00000000     ................
	...
    f898:	00000003 00000003 00000000 00000000     ................
	...
    f8b8:	00000003 00000003 00000000 00000000     ................
	...
    f8d8:	00000003 000000ff 00000000 00000000     ................
	...
    f8f8:	00000003 000000ff 00000000 00000000     ................
	...
    f918:	000000ff 000000ff 00000000 00000000     ................
	...
    f938:	000000ff 000000ff 00000000 00000000     ................
	...
    f958:	000000ff 000000ff 00000000 00000000     ................
	...
    f978:	000000ff 000000ff 00000000 00000000     ................
	...
    f998:	00000003 00000003 00000000 00000000     ................
	...
    f9b8:	00000003 00000003 00000000 00000000     ................
	...
    f9d8:	00000003 000000ff 00000000 00000000     ................
	...
    f9f8:	00000003 000000ff 00000000 00000000     ................
	...
    fa18:	000000ff 000000ff 00000000 00000000     ................
	...
    fa38:	000000ff 000000ff 00000000 00000000     ................
	...
    fa58:	000000ff 000000ff 00000000 00000000     ................
	...
    fa78:	000000ff 00000003 00000000 00000000     ................
	...
    fa98:	00000003 00000003 00000000 00000000     ................
	...
    fab8:	00000003 000000ff 00000000 00000000     ................
	...
    fad8:	000000ff 000000ff 00000000 00000000     ................
	...
    faf8:	00000003 00000003 00000000 00000000     ................
	...
    fb18:	00000003 00000003 00000000 00000000     ................
	...
    fb38:	00000003 00000003 00000000 00000000     ................
	...
    fb58:	00000003 00000003 00000000 00000000     ................
	...
    fb78:	00000003 00000003 00000000 00000000     ................
	...
    fb98:	00000003 000000ff 00000000 00000000     ................
	...
    fbb8:	000000ff 000000ff 00000000 00000000     ................
	...

0000fbd8 <digits_tile_a>:
    fbd8:	00000000 00000002 00000003 00000002     ................
    fbe8:	00000002 00000003 00000003 00000001     ................
	...
    fcd8:	00000001 00000002 00000000 000000ff     ................
	...
    fcf0:	00000002 00000003 00000000 00000000     ................
	...
    fdd8:	000000ff 000000ff 000000ff 000000ff     ................
    fde8:	000000ff 00000000 00000002 00000002     ................
	...
    fed8:	000000ff 000000ff 000000ff 00000000     ................
    fee8:	00000000 00000002 00000002 00000000     ................
	...
    ffd8:	000000ff 000000ff 00000000 00000003     ................
    ffe8:	00000002 00000002 00000000 000000ff     ................
	...
   100d8:	000000ff 00000000 00000002 00000002     ................
   100e8:	00000000 000000ff 000000ff 000000ff     ................
	...
   101dc:	00000002 00000003 00000001 00000000     ................
	...
   102d8:	00000001 00000002 00000002 00000002     ................
   102e8:	00000002 00000002 00000002 00000002     ................
	...
   103dc:	00000002 00000003 00000002 00000002     ................
   103ec:	00000003 00000003 00000001 00000000     ................
	...
   104d8:	00000001 00000002 00000000 000000ff     ................
	...
   104f0:	00000002 00000003 00000000 00000000     ................
	...
   105d8:	000000ff 000000ff 000000ff 000000ff     ................
   105e8:	000000ff 00000000 00000002 00000002     ................
	...
   106d8:	000000ff 000000ff 000000ff 00000000     ................
   106e8:	00000000 00000002 00000002 00000000     ................
	...
   107d8:	000000ff 000000ff 00000000 00000003     ................
   107e8:	00000002 00000002 00000000 000000ff     ................
	...
   108d8:	000000ff 00000000 00000002 00000002     ................
   108e8:	00000000 000000ff 000000ff 000000ff     ................
	...
   109dc:	00000002 00000003 00000001 00000000     ................
	...
   10ad8:	00000001 00000002 00000002 00000002     ................
   10ae8:	00000002 00000002 00000002 00000002     ................
	...
